"dataset","method","sample_count","dimension_count","reference_class_count","cluster_count","minimum_support","coverage","outlier_fraction","all_sample_ari","all_sample_ami","assigned_only_ari","assigned_only_ami","pairwise_precision","pairwise_recall","pairwise_f1","homogeneity","completeness","v_measure","macro_class_coverage","minimum_class_coverage","runtime_seconds","termination","cycle_length","mature_projection_applied","parameters"
"digits","fasc-sf","1797","64","10","37","4","0.9961046188091264","0.0038953811908736783","0.5676441542289261","0.7491430420443459","0.5708259665056186","0.7525099433168727","0.927449533547673","0.43827990734513933","0.5952606474747132","0.9199050944589356","0.6456022827496595","0.7587224915601238","0.9960627799259474","0.9827586206896551","2.1437196000042604","limit-cycle","420","True","{""alpha"": null, ""assignment_threshold_quantile"": 0.01, ""base_capacity"": 43, ""capacity_multiplier"": 1.0, ""kmax"": 43, ""knn_k"": 10, ""lambda"": 0.0, ""merge_threshold_quantile"": 0.5, ""minimum_support"": 2, ""preprocessing"": ""maxabs-l2"", ""seed_count"": 8, ""tau_inter"": 0.9340244208005588, ""tau_intra"": 0.8440543882075463, ""uses_reference_k"": false}"
"digits","fasc-sf","1797","64","10","41","8","0.9938786867000556","0.006121313299944352","0.4345739059493489","0.7057830142450783","0.4387686232497121","0.7105625521012205","0.9160100154650563","0.309808463473561","0.4630174210839786","0.9151036372040228","0.5909207857569214","0.7181208380173012","0.9938440221041261","0.9885057471264368","0.07375699999101926","limit-cycle","6","True","{""alpha"": null, ""assignment_threshold_quantile"": 0.01, ""base_capacity"": 43, ""capacity_multiplier"": 1.0, ""kmax"": 43, ""knn_k"": 10, ""lambda"": 0.0, ""merge_threshold_quantile"": 0.75, ""minimum_support"": 2, ""preprocessing"": ""maxabs-l2"", ""seed_count"": 8, ""tau_inter"": 0.9486085276360375, ""tau_intra"": 0.8440543882075463, ""uses_reference_k"": false}"
"digits","fasc-sf","1797","64","10","41","12","0.9927657206455203","0.007234279354479688","0.42506799760385255","0.7061914909310181","0.42996765654224794","0.7118086409869859","0.9284942293588605","0.29956536900047326","0.4529824396214868","0.9226390923685837","0.5885139823667574","0.7186379932187646","0.99272356513344","0.9832402234636871","0.041981200003647245","limit-cycle","2","True","{""alpha"": null, ""assignment_threshold_quantile"": 0.01, ""base_capacity"": 43, ""capacity_multiplier"": 1.0, ""kmax"": 43, ""knn_k"": 10, ""lambda"": 0.0, ""merge_threshold_quantile"": 0.9, ""minimum_support"": 2, ""preprocessing"": ""maxabs-l2"", ""seed_count"": 8, ""tau_inter"": 0.9594543446408436, ""tau_intra"": 0.8440543882075463, ""uses_reference_k"": false}"
"digits","fasc-dass","1797","64","10","38","3","0.993322203672788","0.00667779632721202","0.5592613924489259","0.744080046267958","0.5647011087814325","0.7498384179514502","0.9250760224517408","0.42999825649455775","0.5870985568237369","0.9175060670716121","0.64081797580901","0.7545983563296115","0.9932755516577014","0.9827586206896551","1.013931399997091","iteration-limit","0","True","{""alpha"": 0.05, ""assignment_threshold_quantile"": 0.01, ""base_capacity"": 43, ""capacity_multiplier"": 1.0, ""kmax"": 43, ""knn_k"": 10, ""lambda"": 2.782415136338342e-05, ""merge_threshold_quantile"": 0.5, ""minimum_support"": 2, ""preprocessing"": ""maxabs-l2"", ""seed_count"": 8, ""tau_inter"": 0.9340244208005588, ""tau_intra"": 0.8440543882075463, ""uses_reference_k"": false}"
"digits","fasc-dass","1797","64","10","41","7","0.994991652754591","0.005008347245409015","0.44171174852447503","0.7087857608801104","0.44517152366191337","0.7127114486413317","0.9185328674620272","0.31592941293681037","0.47015053305101623","0.9162687450598171","0.5940468116893637","0.7207851686636532","0.9949489944798167","0.9885057471264368","0.0892664999992121","limit-cycle","14","True","{""alpha"": 0.05, ""assignment_threshold_quantile"": 0.01, ""base_capacity"": 43, ""capacity_multiplier"": 1.0, ""kmax"": 43, ""knn_k"": 10, ""lambda"": 2.782415136338342e-05, ""merge_threshold_quantile"": 0.75, ""minimum_support"": 2, ""preprocessing"": ""maxabs-l2"", ""seed_count"": 8, ""tau_inter"": 0.9486085276360375, ""tau_intra"": 0.8440543882075463, ""uses_reference_k"": false}"
"digits","fasc-dass","1797","64","10","40","10","0.989983305509182","0.01001669449081803","0.44221433887591316","0.7077279090532886","0.4492284005016536","0.7156056042977862","0.9230811243810079","0.3157177015616827","0.4705090848350996","0.9202241840957237","0.5920716488518512","0.7205450654836155","0.9899642395651256","0.9722222222222222","0.06895040000381414","limit-cycle","8","True","{""alpha"": 0.05, ""assignment_threshold_quantile"": 0.01, ""base_capacity"": 43, ""capacity_multiplier"": 1.0, ""kmax"": 43, ""knn_k"": 10, ""lambda"": 2.782415136338342e-05, ""merge_threshold_quantile"": 0.9, ""minimum_support"": 2, ""preprocessing"": ""maxabs-l2"", ""seed_count"": 8, ""tau_inter"": 0.9594543446408436, ""tau_intra"": 0.8440543882075463, ""uses_reference_k"": false}"
"optdigits","fasc-sf","2000","64","10","37","2","0.985","0.015","0.5547167621909417","0.7269807337285888","0.5662133325443579","0.7404464976062379","0.7731812627291242","0.475148189682794","0.5885876946547843","0.87519201563576","0.6394794566823968","0.7389949898441995","0.9852342950188626","0.971830985915493","1.2039661000017077","iteration-limit","0","True","{""alpha"": null, ""assignment_threshold_quantile"": 0.01, ""base_capacity"": 45, ""capacity_multiplier"": 1.0, ""kmax"": 45, ""knn_k"": 10, ""lambda"": 0.0, ""merge_threshold_quantile"": 0.5, ""minimum_support"": 2, ""preprocessing"": ""maxabs-l2"", ""seed_count"": 8, ""tau_inter"": 0.9340018114601376, ""tau_intra"": 0.8557899090624392, ""uses_reference_k"": false}"
"optdigits","fasc-sf","2000","64","10","41","2","0.991","0.009","0.45834086229984033","0.7178347855219781","0.4647446110016514","0.7251589740554263","0.9285090068502805","0.32979213393143225","0.48671173667294687","0.9222491929429504","0.6027513428815248","0.7290317956737392","0.9909234502082338","0.9689119170984456","0.7551448000012897","limit-cycle","136","True","{""alpha"": null, ""assignment_threshold_quantile"": 0.01, ""base_capacity"": 45, ""capacity_multiplier"": 1.0, ""kmax"": 45, ""knn_k"": 10, ""lambda"": 0.0, ""merge_threshold_quantile"": 0.75, ""minimum_support"": 2, ""preprocessing"": ""maxabs-l2"", ""seed_count"": 8, ""tau_inter"": 0.9484552658831117, ""tau_intra"": 0.8557899090624392, ""uses_reference_k"": false}"
"optdigits","fasc-sf","2000","64","10","43","2","0.993","0.007","0.4289623459370913","0.7013013455073652","0.43366468543607073","0.7067897623147004","0.9199636748902679","0.30429950336430633","0.45732730405471494","0.9116837462686427","0.5856054659698758","0.7131380907401639","0.9929032475021262","0.9844559585492227","0.1409609999973327","limit-cycle","20","True","{""alpha"": null, ""assignment_threshold_quantile"": 0.01, ""base_capacity"": 45, ""capacity_multiplier"": 1.0, ""kmax"": 45, ""knn_k"": 10, ""lambda"": 0.0, ""merge_threshold_quantile"": 0.9, ""minimum_support"": 2, ""preprocessing"": ""maxabs-l2"", ""seed_count"": 8, ""tau_inter"": 0.9590092206966844, ""tau_intra"": 0.8557899090624392, ""uses_reference_k"": false}"
"optdigits","fasc-dass","2000","64","10","35","2","0.9845","0.0155","0.5724217505614003","0.7321929612808633","0.5848205414642497","0.7459910186944704","0.8478035941187149","0.4676535966036527","0.6027993959809502","0.8879955034116729","0.6395725144920517","0.7435839325230404","0.9844136743274191","0.9689119170984456","1.1677975000056904","iteration-limit","0","True","{""alpha"": 0.05, ""assignment_threshold_quantile"": 0.01, ""base_capacity"": 45, ""capacity_multiplier"": 1.0, ""kmax"": 45, ""knn_k"": 10, ""lambda"": 2.5e-05, ""merge_threshold_quantile"": 0.5, ""minimum_support"": 2, ""preprocessing"": ""maxabs-l2"", ""seed_count"": 8, ""tau_inter"": 0.9340018114601376, ""tau_intra"": 0.8557899090624392, ""uses_reference_k"": false}"
"optdigits","fasc-dass","2000","64","10","41","2","0.9915","0.0085","0.4575828152613581","0.7123390156086299","0.4635649592280503","0.7192017409393276","0.9203380611689888","0.33037788369112464","0.48621646214546493","0.9137979256007407","0.5991406603589489","0.7237484689198782","0.9913646204602568","0.9798994974874372","0.20040449999214616","limit-cycle","34","True","{""alpha"": 0.05, ""assignment_threshold_quantile"": 0.01, ""base_capacity"": 45, ""capacity_multiplier"": 1.0, ""kmax"": 45, ""knn_k"": 10, ""lambda"": 2.5e-05, ""merge_threshold_quantile"": 0.75, ""minimum_support"": 2, ""preprocessing"": ""maxabs-l2"", ""seed_count"": 8, ""tau_inter"": 0.9484552658831117, ""tau_intra"": 0.8557899090624392, ""uses_reference_k"": false}"
"optdigits","fasc-dass","2000","64","10","42","2","0.991","0.009","0.42231009674180614","0.7083575906043512","0.4284088542129009","0.7155032154652479","0.9319864790503891","0.29677487183595","0.4501934695024473","0.9242611033633826","0.5898713997602938","0.7201419818413604","0.9909822196909346","0.978494623655914","0.18323149999196175","limit-cycle","28","True","{""alpha"": 0.05, ""assignment_threshold_quantile"": 0.01, ""base_capacity"": 45, ""capacity_multiplier"": 1.0, ""kmax"": 45, ""knn_k"": 10, ""lambda"": 2.5e-05, ""merge_threshold_quantile"": 0.9, ""minimum_support"": 2, ""preprocessing"": ""maxabs-l2"", ""seed_count"": 8, ""tau_inter"": 0.9590092206966844, ""tau_intra"": 0.8557899090624392, ""uses_reference_k"": false}"
"pendigits","fasc-sf","2000","16","10","41","2","0.9945","0.0055","0.40884401690452365","0.6907800402159007","0.41246415383953533","0.6951088888251254","0.8661446297413856","0.29387088558287267","0.4388470430308002","0.885785534171983","0.5817263958986042","0.7022564052453085","0.9945988030150253","0.9783783783783784","0.040486199999577366","limit-cycle","2","True","{""alpha"": null, ""assignment_threshold_quantile"": 0.01, ""base_capacity"": 45, ""capacity_multiplier"": 1.0, ""kmax"": 45, ""knn_k"": 10, ""lambda"": 0.0, ""merge_threshold_quantile"": 0.5, ""minimum_support"": 2, ""preprocessing"": ""maxabs-l2"", ""seed_count"": 8, ""tau_inter"": 0.9876644609142329, ""tau_intra"": 0.9253769775856857, ""uses_reference_k"": false}"
"pendigits","fasc-sf","2000","16","10","41","2","0.9945","0.0055","0.40884401690452365","0.6907800402159007","0.41246415383953533","0.6951088888251254","0.8661446297413856","0.29387088558287267","0.4388470430308002","0.885785534171983","0.5817263958986042","0.7022564052453085","0.9945988030150253","0.9783783783783784","0.04032139999617357","limit-cycle","2","True","{""alpha"": null, ""assignment_threshold_quantile"": 0.01, ""base_capacity"": 45, ""capacity_multiplier"": 1.0, ""kmax"": 45, ""knn_k"": 10, ""lambda"": 0.0, ""merge_threshold_quantile"": 0.75, ""minimum_support"": 2, ""preprocessing"": ""maxabs-l2"", ""seed_count"": 8, ""tau_inter"": 0.9916660246792848, ""tau_intra"": 0.9253769775856857, ""uses_reference_k"": false}"
"pendigits","fasc-sf","2000","16","10","41","2","0.9945","0.0055","0.40884401690452365","0.6907800402159007","0.41246415383953533","0.6951088888251254","0.8661446297413856","0.29387088558287267","0.4388470430308002","0.885785534171983","0.5817263958986042","0.7022564052453085","0.9945988030150253","0.9783783783783784","0.04132590000517666","limit-cycle","2","True","{""alpha"": null, ""assignment_threshold_quantile"": 0.01, ""base_capacity"": 45, ""capacity_multiplier"": 1.0, ""kmax"": 45, ""knn_k"": 10, ""lambda"": 0.0, ""merge_threshold_quantile"": 0.9, ""minimum_support"": 2, ""preprocessing"": ""maxabs-l2"", ""seed_count"": 8, ""tau_inter"": 0.9939378779727889, ""tau_intra"": 0.9253769775856857, ""uses_reference_k"": false}"
"pendigits","fasc-dass","2000","16","10","41","2","0.9955","0.0045","0.4193476266075019","0.6966006098895964","0.4224311867222652","0.7002126490341879","0.8610769643790711","0.30433827238177996","0.4497258444213214","0.887044263256049","0.5885990921730915","0.707641783699179","0.9956798840961063","0.9813953488372092","0.03930279999622144","limit-cycle","2","True","{""alpha"": 0.05, ""assignment_threshold_quantile"": 0.01, ""base_capacity"": 45, ""capacity_multiplier"": 1.0, ""kmax"": 45, ""knn_k"": 10, ""lambda"": 2.5e-05, ""merge_threshold_quantile"": 0.5, ""minimum_support"": 2, ""preprocessing"": ""maxabs-l2"", ""seed_count"": 8, ""tau_inter"": 0.9876644609142329, ""tau_intra"": 0.9253769775856857, ""uses_reference_k"": false}"
"pendigits","fasc-dass","2000","16","10","41","2","0.9955","0.0045","0.4193476266075019","0.6966006098895964","0.4224311867222652","0.7002126490341879","0.8610769643790711","0.30433827238177996","0.4497258444213214","0.887044263256049","0.5885990921730915","0.707641783699179","0.9956798840961063","0.9813953488372092","0.04034150000370573","limit-cycle","2","True","{""alpha"": 0.05, ""assignment_threshold_quantile"": 0.01, ""base_capacity"": 45, ""capacity_multiplier"": 1.0, ""kmax"": 45, ""knn_k"": 10, ""lambda"": 2.5e-05, ""merge_threshold_quantile"": 0.75, ""minimum_support"": 2, ""preprocessing"": ""maxabs-l2"", ""seed_count"": 8, ""tau_inter"": 0.9916660246792848, ""tau_intra"": 0.9253769775856857, ""uses_reference_k"": false}"
"pendigits","fasc-dass","2000","16","10","41","2","0.9955","0.0045","0.4193476266075019","0.6966006098895964","0.4224311867222652","0.7002126490341879","0.8610769643790711","0.30433827238177996","0.4497258444213214","0.887044263256049","0.5885990921730915","0.707641783699179","0.9956798840961063","0.9813953488372092","0.04274279999663122","limit-cycle","2","True","{""alpha"": 0.05, ""assignment_threshold_quantile"": 0.01, ""base_capacity"": 45, ""capacity_multiplier"": 1.0, ""kmax"": 45, ""knn_k"": 10, ""lambda"": 2.5e-05, ""merge_threshold_quantile"": 0.9, ""minimum_support"": 2, ""preprocessing"": ""maxabs-l2"", ""seed_count"": 8, ""tau_inter"": 0.9939378779727889, ""tau_intra"": 0.9253769775856857, ""uses_reference_k"": false}"
"segment","fasc-sf","2000","19","7","45","2","0.985","0.015","0.33418516465154025","0.5961482529174865","0.3426851598258345","0.607550422321599","0.8821192742996314","0.23768998880509282","0.37447613150066905","0.8635144000977201","0.47250636668548635","0.6107929785450394","0.985015701631184","0.9537366548042705","0.03442769999674056","fixed-point","0","False","{""alpha"": null, ""assignment_threshold_quantile"": 0.01, ""base_capacity"": 45, ""capacity_multiplier"": 1.0, ""kmax"": 45, ""knn_k"": 10, ""lambda"": 0.0, ""merge_threshold_quantile"": 0.5, ""minimum_support"": 2, ""preprocessing"": ""standardize-l2"", ""seed_count"": 8, ""tau_inter"": 0.972515184633344, ""tau_intra"": 0.7582451636808268, ""uses_reference_k"": false}"
"segment","fasc-sf","2000","19","7","45","2","0.985","0.015","0.33418516465154025","0.5961482529174865","0.3426851598258345","0.607550422321599","0.8821192742996314","0.23768998880509282","0.37447613150066905","0.8635144000977201","0.47250636668548635","0.6107929785450394","0.985015701631184","0.9537366548042705","0.0334704000124475","fixed-point","0","False","{""alpha"": null, ""assignment_threshold_quantile"": 0.01, ""base_capacity"": 45, ""capacity_multiplier"": 1.0, ""kmax"": 45, ""knn_k"": 10, ""lambda"": 0.0, ""merge_threshold_quantile"": 0.75, ""minimum_support"": 2, ""preprocessing"": ""standardize-l2"", ""seed_count"": 8, ""tau_inter"": 0.9878141496314178, ""tau_intra"": 0.7582451636808268, ""uses_reference_k"": false}"
"segment","fasc-sf","2000","19","7","45","2","0.985","0.015","0.33418516465154025","0.5961482529174865","0.3426851598258345","0.607550422321599","0.8821192742996314","0.23768998880509282","0.37447613150066905","0.8635144000977201","0.47250636668548635","0.6107929785450394","0.985015701631184","0.9537366548042705","0.031389399999170564","fixed-point","0","False","{""alpha"": null, ""assignment_threshold_quantile"": 0.01, ""base_capacity"": 45, ""capacity_multiplier"": 1.0, ""kmax"": 45, ""knn_k"": 10, ""lambda"": 0.0, ""merge_threshold_quantile"": 0.9, ""minimum_support"": 2, ""preprocessing"": ""standardize-l2"", ""seed_count"": 8, ""tau_inter"": 0.9945202197102221, ""tau_intra"": 0.7582451636808268, ""uses_reference_k"": false}"
"segment","fasc-dass","2000","19","7","45","2","0.985","0.015","0.3373326256233754","0.5934751342189198","0.3458941436830673","0.604840692171084","0.8810053352188726","0.24049397966667954","0.37784504432976046","0.8588703829767638","0.47084286772979067","0.6082409029376602","0.985015701631184","0.9537366548042705","0.04288829999859445","fixed-point","0","False","{""alpha"": 0.05, ""assignment_threshold_quantile"": 0.01, ""base_capacity"": 45, ""capacity_multiplier"": 1.0, ""kmax"": 45, ""knn_k"": 10, ""lambda"": 2.5e-05, ""merge_threshold_quantile"": 0.5, ""minimum_support"": 2, ""preprocessing"": ""standardize-l2"", ""seed_count"": 8, ""tau_inter"": 0.972515184633344, ""tau_intra"": 0.7582451636808268, ""uses_reference_k"": false}"
"segment","fasc-dass","2000","19","7","45","2","0.985","0.015","0.3373326256233754","0.5934751342189198","0.3458941436830673","0.604840692171084","0.8810053352188726","0.24049397966667954","0.37784504432976046","0.8588703829767638","0.47084286772979067","0.6082409029376602","0.985015701631184","0.9537366548042705","0.04545240000879858","fixed-point","0","False","{""alpha"": 0.05, ""assignment_threshold_quantile"": 0.01, ""base_capacity"": 45, ""capacity_multiplier"": 1.0, ""kmax"": 45, ""knn_k"": 10, ""lambda"": 2.5e-05, ""merge_threshold_quantile"": 0.75, ""minimum_support"": 2, ""preprocessing"": ""standardize-l2"", ""seed_count"": 8, ""tau_inter"": 0.9878141496314178, ""tau_intra"": 0.7582451636808268, ""uses_reference_k"": false}"
"segment","fasc-dass","2000","19","7","45","2","0.985","0.015","0.3373326256233754","0.5934751342189198","0.3458941436830673","0.604840692171084","0.8810053352188726","0.24049397966667954","0.37784504432976046","0.8588703829767638","0.47084286772979067","0.6082409029376602","0.985015701631184","0.9537366548042705","0.04340460000094026","fixed-point","0","False","{""alpha"": 0.05, ""assignment_threshold_quantile"": 0.01, ""base_capacity"": 45, ""capacity_multiplier"": 1.0, ""kmax"": 45, ""knn_k"": 10, ""lambda"": 2.5e-05, ""merge_threshold_quantile"": 0.9, ""minimum_support"": 2, ""preprocessing"": ""standardize-l2"", ""seed_count"": 8, ""tau_inter"": 0.9945202197102221, ""tau_intra"": 0.7582451636808268, ""uses_reference_k"": false}"
"vehicle","fasc-sf","846","18","4","30","3","0.9964539007092199","0.0035460992907801418","0.09028362686217394","0.24655392551935898","0.09085225245781324","0.24781212687531254","0.4827261306532663","0.10343667279824129","0.17036763347496767","0.43386357189367053","0.19268915699065678","0.26685960195564246","0.996412399577227","0.9949748743718593","0.014354999992065132","fixed-point","0","False","{""alpha"": null, ""assignment_threshold_quantile"": 0.01, ""base_capacity"": 30, ""capacity_multiplier"": 1.0, ""kmax"": 30, ""knn_k"": 10, ""lambda"": 0.0, ""merge_threshold_quantile"": 0.5, ""minimum_support"": 2, ""preprocessing"": ""standardize-l2"", ""seed_count"": 8, ""tau_inter"": 0.90094809212771, ""tau_intra"": 0.6145024237740121, ""uses_reference_k"": false}"
"vehicle","fasc-sf","846","18","4","30","3","0.9964539007092199","0.0035460992907801418","0.09028362686217394","0.24655392551935898","0.09085225245781324","0.24781212687531254","0.4827261306532663","0.10343667279824129","0.17036763347496767","0.43386357189367053","0.19268915699065678","0.26685960195564246","0.996412399577227","0.9949748743718593","0.014585400000214577","fixed-point","0","False","{""alpha"": null, ""assignment_threshold_quantile"": 0.01, ""base_capacity"": 30, ""capacity_multiplier"": 1.0, ""kmax"": 30, ""knn_k"": 10, ""lambda"": 0.0, ""merge_threshold_quantile"": 0.75, ""minimum_support"": 2, ""preprocessing"": ""standardize-l2"", ""seed_count"": 8, ""tau_inter"": 0.9387145442552346, ""tau_intra"": 0.6145024237740121, ""uses_reference_k"": false}"
"vehicle","fasc-sf","846","18","4","30","3","0.9964539007092199","0.0035460992907801418","0.09028362686217394","0.24655392551935898","0.09085225245781324","0.24781212687531254","0.4827261306532663","0.10343667279824129","0.17036763347496767","0.43386357189367053","0.19268915699065678","0.26685960195564246","0.996412399577227","0.9949748743718593","0.01451219999580644","fixed-point","0","False","{""alpha"": null, ""assignment_threshold_quantile"": 0.01, ""base_capacity"": 30, ""capacity_multiplier"": 1.0, ""kmax"": 30, ""knn_k"": 10, ""lambda"": 0.0, ""merge_threshold_quantile"": 0.9, ""minimum_support"": 2, ""preprocessing"": ""standardize-l2"", ""seed_count"": 8, ""tau_inter"": 0.9568752939548334, ""tau_intra"": 0.6145024237740121, ""uses_reference_k"": false}"
"vehicle","fasc-dass","846","18","4","30","3","0.9964539007092199","0.0035460992907801418","0.09237895209228468","0.25028440553005665","0.09296137288669869","0.2515606728205903","0.48961737113945397","0.10419938086051415","0.17183020438361232","0.4401577594726918","0.19521876015688294","0.2704760072902473","0.996412399577227","0.9949748743718593","0.026675999994040467","fixed-point","0","False","{""alpha"": 0.05, ""assignment_threshold_quantile"": 0.01, ""base_capacity"": 30, ""capacity_multiplier"": 1.0, ""kmax"": 30, ""knn_k"": 10, ""lambda"": 5.91016548463357e-05, ""merge_threshold_quantile"": 0.5, ""minimum_support"": 2, ""preprocessing"": ""standardize-l2"", ""seed_count"": 8, ""tau_inter"": 0.90094809212771, ""tau_intra"": 0.6145024237740121, ""uses_reference_k"": false}"
"vehicle","fasc-dass","846","18","4","30","3","0.9964539007092199","0.0035460992907801418","0.09237895209228468","0.25028440553005665","0.09296137288669869","0.2515606728205903","0.48961737113945397","0.10419938086051415","0.17183020438361232","0.4401577594726918","0.19521876015688294","0.2704760072902473","0.996412399577227","0.9949748743718593","0.026312600006349385","fixed-point","0","False","{""alpha"": 0.05, ""assignment_threshold_quantile"": 0.01, ""base_capacity"": 30, ""capacity_multiplier"": 1.0, ""kmax"": 30, ""knn_k"": 10, ""lambda"": 5.91016548463357e-05, ""merge_threshold_quantile"": 0.75, ""minimum_support"": 2, ""preprocessing"": ""standardize-l2"", ""seed_count"": 8, ""tau_inter"": 0.9387145442552346, ""tau_intra"": 0.6145024237740121, ""uses_reference_k"": false}"
"vehicle","fasc-dass","846","18","4","30","3","0.9964539007092199","0.0035460992907801418","0.09237895209228468","0.25028440553005665","0.09296137288669869","0.2515606728205903","0.48961737113945397","0.10419938086051415","0.17183020438361232","0.4401577594726918","0.19521876015688294","0.2704760072902473","0.996412399577227","0.9949748743718593","0.026102200004970655","fixed-point","0","False","{""alpha"": 0.05, ""assignment_threshold_quantile"": 0.01, ""base_capacity"": 30, ""capacity_multiplier"": 1.0, ""kmax"": 30, ""knn_k"": 10, ""lambda"": 5.91016548463357e-05, ""merge_threshold_quantile"": 0.9, ""minimum_support"": 2, ""preprocessing"": ""standardize-l2"", ""seed_count"": 8, ""tau_inter"": 0.9568752939548334, ""tau_intra"": 0.6145024237740121, ""uses_reference_k"": false}"
"isolet","fasc-sf","2000","617","26","26","2","0.995","0.005","0.31486063501931116","0.6482419764676716","0.3157135299761142","0.6514457537023197","0.23618774883006216","0.7075748064448629","0.3541579388353581","0.5914236381283837","0.765373817850505","0.667247960831082","0.9950903827591203","0.9733333333333334","4.9480853999994","iteration-limit","0","True","{""alpha"": null, ""assignment_threshold_quantile"": 0.01, ""base_capacity"": 45, ""capacity_multiplier"": 1.0, ""kmax"": 45, ""knn_k"": 10, ""lambda"": 0.0, ""merge_threshold_quantile"": 0.5, ""minimum_support"": 2, ""preprocessing"": ""standardize-l2"", ""seed_count"": 8, ""tau_inter"": 0.5857897985500629, ""tau_intra"": 0.36061430473413814, ""uses_reference_k"": false}"
"isolet","fasc-sf","2000","617","26","29","2","0.996","0.004","0.3875504905222147","0.6796563421457272","0.38870184076364983","0.6822185759052295","0.3156129409342393","0.6214558485038711","0.4186234996145799","0.6593017993470576","0.7441847738711558","0.6991764222366399","0.9961730875107688","0.9629629629629629","4.676824000009219","iteration-limit","0","True","{""alpha"": null, ""assignment_threshold_quantile"": 0.01, ""base_capacity"": 45, ""capacity_multiplier"": 1.0, ""kmax"": 45, ""knn_k"": 10, ""lambda"": 0.0, ""merge_threshold_quantile"": 0.75, ""minimum_support"": 2, ""preprocessing"": ""standardize-l2"", ""seed_count"": 8, ""tau_inter"": 0.649394710772802, ""tau_intra"": 0.36061430473413814, ""uses_reference_k"": false}"
"isolet","fasc-sf","2000","617","26","36","2","0.997","0.003","0.39549234261398175","0.6859809062068328","0.3964406691947194","0.6878861288837517","0.3357856176564471","0.5778143963172212","0.4247411580353967","0.6816301564214243","0.735265952328146","0.7074328781085852","0.9970972634715296","0.9753086419753086","4.393952999991598","iteration-limit","0","True","{""alpha"": null, ""assignment_threshold_quantile"": 0.01, ""base_capacity"": 45, ""capacity_multiplier"": 1.0, ""kmax"": 45, ""knn_k"": 10, ""lambda"": 0.0, ""merge_threshold_quantile"": 0.9, ""minimum_support"": 2, ""preprocessing"": ""standardize-l2"", ""seed_count"": 8, ""tau_inter"": 0.6930783429364644, ""tau_intra"": 0.36061430473413814, ""uses_reference_k"": false}"
"isolet","fasc-dass","2000","617","26","28","2","0.998","0.002","0.3182486926725021","0.6766623790249375","0.3185609874687735","0.6779950724742554","0.23380804953560372","0.7654320987654321","0.3582005514261496","0.6114464531469892","0.802929834010015","0.6942262870062191","0.9980006491398896","0.9733333333333334","4.9974289999954635","iteration-limit","0","True","{""alpha"": 0.05, ""assignment_threshold_quantile"": 0.01, ""base_capacity"": 45, ""capacity_multiplier"": 1.0, ""kmax"": 45, ""knn_k"": 10, ""lambda"": 2.5e-05, ""merge_threshold_quantile"": 0.5, ""minimum_support"": 2, ""preprocessing"": ""standardize-l2"", ""seed_count"": 8, ""tau_inter"": 0.5857897985500629, ""tau_intra"": 0.36061430473413814, ""uses_reference_k"": false}"
"isolet","fasc-dass","2000","617","26","29","3","0.9945","0.0055","0.3759765160395581","0.6844410632897496","0.3774271032270646","0.6879986106430312","0.2997060387344387","0.641347562251517","0.4085117726195484","0.6661509675450993","0.7487737190253642","0.7050500173406204","0.9947232984612017","0.9629629629629629","4.590682900001411","iteration-limit","0","True","{""alpha"": 0.05, ""assignment_threshold_quantile"": 0.01, ""base_capacity"": 45, ""capacity_multiplier"": 1.0, ""kmax"": 45, ""knn_k"": 10, ""lambda"": 2.5e-05, ""merge_threshold_quantile"": 0.75, ""minimum_support"": 2, ""preprocessing"": ""standardize-l2"", ""seed_count"": 8, ""tau_inter"": 0.649394710772802, ""tau_intra"": 0.36061430473413814, ""uses_reference_k"": false}"
"isolet","fasc-dass","2000","617","26","34","2","0.998","0.002","0.36013229052410367","0.6902333798047773","0.3606016640228259","0.6915159557044619","0.2851663602187687","0.6368879472693032","0.3939442965887121","0.6758989366064176","0.7512911089066604","0.7116037043396193","0.998006063865539","0.9753086419753086","4.226393699995242","iteration-limit","0","False","{""alpha"": 0.05, ""assignment_threshold_quantile"": 0.01, ""base_capacity"": 45, ""capacity_multiplier"": 1.0, ""kmax"": 45, ""knn_k"": 10, ""lambda"": 2.5e-05, ""merge_threshold_quantile"": 0.9, ""minimum_support"": 2, ""preprocessing"": ""standardize-l2"", ""seed_count"": 8, ""tau_inter"": 0.6930783429364644, ""tau_intra"": 0.36061430473413814, ""uses_reference_k"": false}"
"mfeat-factors","fasc-sf","2000","216","10","43","6","0.9895","0.0105","0.4137511322496557","0.6689747628667276","0.4205911012994809","0.6769187906848844","0.856148358667413","0.29973366834170856","0.4440184762663351","0.8721230994983078","0.5617153919873243","0.6833195950658452","0.9894999999999999","0.96","0.20154780001030304","limit-cycle","2","True","{""alpha"": null, ""assignment_threshold_quantile"": 0.01, ""base_capacity"": 45, ""capacity_multiplier"": 1.0, ""kmax"": 45, ""knn_k"": 10, ""lambda"": 0.0, ""merge_threshold_quantile"": 0.5, ""minimum_support"": 2, ""preprocessing"": ""standardize-l2"", ""seed_count"": 8, ""tau_inter"": 0.8234577455057395, ""tau_intra"": 0.5783865814084671, ""uses_reference_k"": false}"
"mfeat-factors","fasc-sf","2000","216","10","44","6","0.987","0.013","0.4012460857874891","0.664071542292409","0.4095374407663152","0.673799185975334","0.8553010090772235","0.288356783919598","0.4313035765959766","0.8743874671879495","0.5555622233066156","0.6794317989388368","0.9869999999999999","0.955","0.13965620000089984","limit-cycle","2","True","{""alpha"": null, ""assignment_threshold_quantile"": 0.01, ""base_capacity"": 45, ""capacity_multiplier"": 1.0, ""kmax"": 45, ""knn_k"": 10, ""lambda"": 0.0, ""merge_threshold_quantile"": 0.75, ""minimum_support"": 2, ""preprocessing"": ""standardize-l2"", ""seed_count"": 8, ""tau_inter"": 0.8714968473670639, ""tau_intra"": 0.5783865814084671, ""uses_reference_k"": false}"
"mfeat-factors","fasc-sf","2000","216","10","44","6","0.9875","0.0125","0.40389167162822043","0.6654913927298852","0.411899752367745","0.6748714241258592","0.8567956849030881","0.29055276381909545","0.4339472538689002","0.8746103015378173","0.5571558183007496","0.6806896901604444","0.9875","0.95","0.13946360000409186","limit-cycle","2","True","{""alpha"": null, ""assignment_threshold_quantile"": 0.01, ""base_capacity"": 45, ""capacity_multiplier"": 1.0, ""kmax"": 45, ""knn_k"": 10, ""lambda"": 0.0, ""merge_threshold_quantile"": 0.9, ""minimum_support"": 2, ""preprocessing"": ""standardize-l2"", ""seed_count"": 8, ""tau_inter"": 0.9039891158857113, ""tau_intra"": 0.5783865814084671, ""uses_reference_k"": false}"
"mfeat-factors","fasc-dass","2000","216","10","43","6","0.99","0.01","0.41681408656785696","0.6705219630699482","0.42337259424726476","0.6781108572961329","0.8582497395870493","0.3022462311557789","0.44705497601094096","0.8727766766314512","0.5632966986151631","0.6846895556299596","0.9899999999999999","0.965","0.1907364999933634","limit-cycle","2","True","{""alpha"": 0.05, ""assignment_threshold_quantile"": 0.01, ""base_capacity"": 45, ""capacity_multiplier"": 1.0, ""kmax"": 45, ""knn_k"": 10, ""lambda"": 2.5e-05, ""merge_threshold_quantile"": 0.5, ""minimum_support"": 2, ""preprocessing"": ""standardize-l2"", ""seed_count"": 8, ""tau_inter"": 0.8234577455057395, ""tau_intra"": 0.5783865814084671, ""uses_reference_k"": false}"
"mfeat-factors","fasc-dass","2000","216","10","44","6","0.988","0.012","0.4062305500185093","0.66713988772119","0.4139522915710559","0.6761635637071257","0.8604007577102942","0.29215577889447236","0.436197350059271","0.8758832955400451","0.5585830048581053","0.6821401422842504","0.9879999999999999","0.95","0.13442079999367706","limit-cycle","2","True","{""alpha"": 0.05, ""assignment_threshold_quantile"": 0.01, ""base_capacity"": 45, ""capacity_multiplier"": 1.0, ""kmax"": 45, ""knn_k"": 10, ""lambda"": 2.5e-05, ""merge_threshold_quantile"": 0.75, ""minimum_support"": 2, ""preprocessing"": ""standardize-l2"", ""seed_count"": 8, ""tau_inter"": 0.8714968473670639, ""tau_intra"": 0.5783865814084671, ""uses_reference_k"": false}"
"mfeat-factors","fasc-dass","2000","216","10","44","6","0.988","0.012","0.4062305500185093","0.66713988772119","0.4139522915710559","0.6761635637071257","0.8604007577102942","0.29215577889447236","0.436197350059271","0.8758832955400451","0.5585830048581053","0.6821401422842504","0.9879999999999999","0.95","0.14675960000022314","limit-cycle","2","True","{""alpha"": 0.05, ""assignment_threshold_quantile"": 0.01, ""base_capacity"": 45, ""capacity_multiplier"": 1.0, ""kmax"": 45, ""knn_k"": 10, ""lambda"": 2.5e-05, ""merge_threshold_quantile"": 0.9, ""minimum_support"": 2, ""preprocessing"": ""standardize-l2"", ""seed_count"": 8, ""tau_inter"": 0.9039891158857113, ""tau_intra"": 0.5783865814084671, ""uses_reference_k"": false}"
"letter","fasc-sf","2000","16","26","45","5","0.9705","0.0295","0.18231750021190277","0.4251549546908323","0.18891659314041365","0.4358472869508554","0.2614687108512796","0.17153256105197245","0.20716058135412976","0.5363456354579235","0.45363322032633335","0.4915341300456503","0.9698381447504676","0.9193548387096774","0.039199599996209145","fixed-point","0","False","{""alpha"": null, ""assignment_threshold_quantile"": 0.01, ""base_capacity"": 45, ""capacity_multiplier"": 1.0, ""kmax"": 45, ""knn_k"": 10, ""lambda"": 0.0, ""merge_threshold_quantile"": 0.5, ""minimum_support"": 2, ""preprocessing"": ""standardize-l2"", ""seed_count"": 8, ""tau_inter"": 0.8384575002671608, ""tau_intra"": 0.6058024072449972, ""uses_reference_k"": false}"
"letter","fasc-sf","2000","16","26","45","5","0.9705","0.0295","0.18231750021190277","0.4251549546908323","0.18891659314041365","0.4358472869508554","0.2614687108512796","0.17153256105197245","0.20716058135412976","0.5363456354579235","0.45363322032633335","0.4915341300456503","0.9698381447504676","0.9193548387096774","0.03749400000378955","fixed-point","0","False","{""alpha"": null, ""assignment_threshold_quantile"": 0.01, ""base_capacity"": 45, ""capacity_multiplier"": 1.0, ""kmax"": 45, ""knn_k"": 10, ""lambda"": 0.0, ""merge_threshold_quantile"": 0.75, ""minimum_support"": 2, ""preprocessing"": ""standardize-l2"", ""seed_count"": 8, ""tau_inter"": 0.8861634419890095, ""tau_intra"": 0.6058024072449972, ""uses_reference_k"": false}"
"letter","fasc-sf","2000","16","26","45","5","0.9705","0.0295","0.18231750021190277","0.4251549546908323","0.18891659314041365","0.4358472869508554","0.2614687108512796","0.17153256105197245","0.20716058135412976","0.5363456354579235","0.45363322032633335","0.4915341300456503","0.9698381447504676","0.9193548387096774","0.039073499996447936","fixed-point","0","False","{""alpha"": null, ""assignment_threshold_quantile"": 0.01, ""base_capacity"": 45, ""capacity_multiplier"": 1.0, ""kmax"": 45, ""knn_k"": 10, ""lambda"": 0.0, ""merge_threshold_quantile"": 0.9, ""minimum_support"": 2, ""preprocessing"": ""standardize-l2"", ""seed_count"": 8, ""tau_inter"": 0.922495635400632, ""tau_intra"": 0.6058024072449972, ""uses_reference_k"": false}"
"letter","fasc-dass","2000","16","26","45","5","0.9715","0.0285","0.185309629896459","0.4268994084656245","0.1917899245582184","0.4373406746582497","0.2616623023954999","0.17598100605301606","0.21043436210621555","0.5362370030506968","0.4554930168705016","0.492578031058425","0.9711031288967527","0.9210526315789473","0.044614300000830553","fixed-point","0","False","{""alpha"": 0.05, ""assignment_threshold_quantile"": 0.01, ""base_capacity"": 45, ""capacity_multiplier"": 1.0, ""kmax"": 45, ""knn_k"": 10, ""lambda"": 2.5e-05, ""merge_threshold_quantile"": 0.5, ""minimum_support"": 2, ""preprocessing"": ""standardize-l2"", ""seed_count"": 8, ""tau_inter"": 0.8384575002671608, ""tau_intra"": 0.6058024072449972, ""uses_reference_k"": false}"
"letter","fasc-dass","2000","16","26","45","5","0.9715","0.0285","0.185309629896459","0.4268994084656245","0.1917899245582184","0.4373406746582497","0.2616623023954999","0.17598100605301606","0.21043436210621555","0.5362370030506968","0.4554930168705016","0.492578031058425","0.9711031288967527","0.9210526315789473","0.04390370000328403","fixed-point","0","False","{""alpha"": 0.05, ""assignment_threshold_quantile"": 0.01, ""base_capacity"": 45, ""capacity_multiplier"": 1.0, ""kmax"": 45, ""knn_k"": 10, ""lambda"": 2.5e-05, ""merge_threshold_quantile"": 0.75, ""minimum_support"": 2, ""preprocessing"": ""standardize-l2"", ""seed_count"": 8, ""tau_inter"": 0.8861634419890095, ""tau_intra"": 0.6058024072449972, ""uses_reference_k"": false}"
"letter","fasc-dass","2000","16","26","45","5","0.9715","0.0285","0.185309629896459","0.4268994084656245","0.1917899245582184","0.4373406746582497","0.2616623023954999","0.17598100605301606","0.21043436210621555","0.5362370030506968","0.4554930168705016","0.492578031058425","0.9711031288967527","0.9210526315789473","0.042744099991978146","fixed-point","0","False","{""alpha"": 0.05, ""assignment_threshold_quantile"": 0.01, ""base_capacity"": 45, ""capacity_multiplier"": 1.0, ""kmax"": 45, ""knn_k"": 10, ""lambda"": 2.5e-05, ""merge_threshold_quantile"": 0.9, ""minimum_support"": 2, ""preprocessing"": ""standardize-l2"", ""seed_count"": 8, ""tau_inter"": 0.922495635400632, ""tau_intra"": 0.6058024072449972, ""uses_reference_k"": false}"
"mnist-test","fasc-sf","2000","784","10","14","2","0.967","0.033","0.025078634151034843","0.15469202620645459","0.024641177063219732","0.16518748840840042","0.112031834966224","0.7647264464254501","0.1954329006262787","0.14668185701914654","0.37347519299556203","0.2106365177887106","0.9658996151589163","0.9042553191489362","7.271277800013195","iteration-limit","0","True","{""alpha"": null, ""assignment_threshold_quantile"": 0.01, ""base_capacity"": 45, ""capacity_multiplier"": 1.0, ""kmax"": 45, ""knn_k"": 10, ""lambda"": 0.0, ""merge_threshold_quantile"": 0.5, ""minimum_support"": 2, ""preprocessing"": ""maxabs-l2"", ""seed_count"": 8, ""tau_inter"": 0.7567265070456054, ""tau_intra"": 0.5613766294763779, ""uses_reference_k"": false}"
"mnist-test","fasc-sf","2000","784","10","15","2","0.978","0.022","0.1922130138682402","0.4073567740897334","0.19510541305591736","0.42077724468180205","0.22289768419848094","0.4669413439208929","0.3017519739358175","0.4127366752474205","0.4478295995959912","0.429567612438137","0.9774019629622632","0.9453551912568307","7.018277499999385","iteration-limit","0","True","{""alpha"": null, ""assignment_threshold_quantile"": 0.01, ""base_capacity"": 45, ""capacity_multiplier"": 1.0, ""kmax"": 45, ""knn_k"": 10, ""lambda"": 0.0, ""merge_threshold_quantile"": 0.75, ""minimum_support"": 2, ""preprocessing"": ""maxabs-l2"", ""seed_count"": 8, ""tau_inter"": 0.8050948185388633, ""tau_intra"": 0.5613766294763779, ""uses_reference_k"": false}"
"mnist-test","fasc-sf","2000","784","10","28","3","0.992","0.008","0.32879985594883154","0.5648458966060564","0.33253833589338977","0.5701319424716783","0.5966688475143881","0.2687192548755213","0.3705537611823122","0.6935354218268587","0.49508144356285416","0.5777412853509151","0.9917432069414833","0.9726775956284153","0.7251146999915363","limit-cycle","2","True","{""alpha"": null, ""assignment_threshold_quantile"": 0.01, ""base_capacity"": 45, ""capacity_multiplier"": 1.0, ""kmax"": 45, ""knn_k"": 10, ""lambda"": 0.0, ""merge_threshold_quantile"": 0.9, ""minimum_support"": 2, ""preprocessing"": ""maxabs-l2"", ""seed_count"": 8, ""tau_inter"": 0.8537032414329357, ""tau_intra"": 0.5613766294763779, ""uses_reference_k"": false}"
"mnist-test","fasc-dass","2000","784","10","21","2","0.9495","0.0505","0.0559436883504067","0.2594279052323115","0.056371610014682445","0.2846592477761719","0.12814544463897246","0.6389692111768672","0.21347784990443516","0.2659535628354863","0.4101027225131946","0.322660354010803","0.9489004481027574","0.8497652582159625","7.33885939999891","iteration-limit","0","True","{""alpha"": 0.05, ""assignment_threshold_quantile"": 0.01, ""base_capacity"": 45, ""capacity_multiplier"": 1.0, ""kmax"": 45, ""knn_k"": 10, ""lambda"": 2.5e-05, ""merge_threshold_quantile"": 0.5, ""minimum_support"": 2, ""preprocessing"": ""maxabs-l2"", ""seed_count"": 8, ""tau_inter"": 0.7567265070456054, ""tau_intra"": 0.5613766294763779, ""uses_reference_k"": false}"
"mnist-test","fasc-dass","2000","784","10","22","2","0.9845","0.0155","0.25198396203852214","0.4721224258270987","0.2550766362111655","0.4823740463765728","0.2796133282592285","0.44766898893799784","0.34422455488204107","0.4946923568876976","0.4873818860325227","0.49100991222185264","0.9838245533876406","0.9289617486338798","6.86734830000205","iteration-limit","0","True","{""alpha"": 0.05, ""assignment_threshold_quantile"": 0.01, ""base_capacity"": 45, ""capacity_multiplier"": 1.0, ""kmax"": 45, ""knn_k"": 10, ""lambda"": 2.5e-05, ""merge_threshold_quantile"": 0.75, ""minimum_support"": 2, ""preprocessing"": ""maxabs-l2"", ""seed_count"": 8, ""tau_inter"": 0.8050948185388633, ""tau_intra"": 0.5613766294763779, ""uses_reference_k"": false}"
"mnist-test","fasc-dass","2000","784","10","27","3","0.9915","0.0085","0.3412064045549025","0.563801690159248","0.345190091728413","0.5694982862043718","0.5673386003640448","0.2926411466526831","0.3861175082943737","0.6827214133091393","0.49921211603891785","0.5767207595695005","0.991253010863052","0.9726775956284153","0.7381285000010394","limit-cycle","2","True","{""alpha"": 0.05, ""assignment_threshold_quantile"": 0.01, ""base_capacity"": 45, ""capacity_multiplier"": 1.0, ""kmax"": 45, ""knn_k"": 10, ""lambda"": 2.5e-05, ""merge_threshold_quantile"": 0.9, ""minimum_support"": 2, ""preprocessing"": ""maxabs-l2"", ""seed_count"": 8, ""tau_inter"": 0.8537032414329357, ""tau_intra"": 0.5613766294763779, ""uses_reference_k"": false}"
"digits","kmeans-unit-oracle-k","1797","64","10","10","96","1.0","0.0","0.5468321880477145","0.6786925367880466","0.5468321880477145","0.6786925367880466","0.557298152689938","0.6381292186604897","0.5949809135375995","0.6711537443024185","0.693065176224397","0.6819334947927463","1.0","1.0","0.03496050000831019","","0","False","{""preprocessing"": ""maxabs-l2"", ""random_seed"": 0, ""reference_k"": 10, ""uses_reference_k"": true}"
"digits","kmeans-unit-oracle-k","1797","64","10","10","95","1.0","0.0","0.560333675673031","0.6972280869507884","0.560333675673031","0.6972280869507884","0.5509625331146714","0.6798861740018431","0.6086723843342967","0.6848428112337455","0.7164768247831247","0.7003027578533062","1.0","1.0","0.008302399990498088","","0","False","{""preprocessing"": ""maxabs-l2"", ""random_seed"": 1, ""reference_k"": 10, ""uses_reference_k"": true}"
"digits","kmeans-unit-oracle-k","1797","64","10","10","92","1.0","0.0","0.6664353620951494","0.7384292089597679","0.6664353620951494","0.7384292089597679","0.6838221774073964","0.7178821390321054","0.7004383473424243","0.7367894239604164","0.7453341658490432","0.7410371638232042","1.0","1.0","0.009240900006261654","","0","False","{""preprocessing"": ""maxabs-l2"", ""random_seed"": 2, ""reference_k"": 10, ""uses_reference_k"": true}"
"digits","kmeans-unit-oracle-k","1797","64","10","10","90","1.0","0.0","0.6626601601969724","0.7389125565457482","0.6626601601969724","0.7389125565457482","0.6792499645540905","0.7159456026302025","0.6971152097202516","0.73688610960839","0.7462070557318332","0.7415172925221066","1.0","1.0","0.007797699989168905","","0","False","{""preprocessing"": ""maxabs-l2"", ""random_seed"": 3, ""reference_k"": 10, ""uses_reference_k"": true}"
"digits","kmeans-unit-oracle-k","1797","64","10","10","85","1.0","0.0","0.5768177061074136","0.7137486100408884","0.5768177061074136","0.7137486100408884","0.5656968773800457","0.6937532690727042","0.6232149150039435","0.7015124529162965","0.7324598795931032","0.7166522186616384","1.0","1.0","0.0071860000025480986","","0","False","{""preprocessing"": ""maxabs-l2"", ""random_seed"": 4, ""reference_k"": 10, ""uses_reference_k"": true}"
"digits","kmeans-unit-oracle-k","1797","64","10","10","98","1.0","0.0","0.6708628635917837","0.7420626931210917","0.6708628635917837","0.7420626931210917","0.6895338085721956","0.7197564073825002","0.704321042192846","0.7409032668744648","0.7483987629063412","0.744632152879998","1.0","1.0","0.008084500004770234","","0","False","{""preprocessing"": ""maxabs-l2"", ""random_seed"": 5, ""reference_k"": 10, ""uses_reference_k"": true}"
"digits","kmeans-unit-oracle-k","1797","64","10","10","87","1.0","0.0","0.5749741327052572","0.7131468783810507","0.5749741327052572","0.7131468783810507","0.563798189503989","0.6926324441455578","0.6216099918969515","0.7008214264735411","0.7319697399411056","0.7160570071975684","1.0","1.0","0.007923299999674782","","0","False","{""preprocessing"": ""maxabs-l2"", ""random_seed"": 6, ""reference_k"": 10, ""uses_reference_k"": true}"
"digits","kmeans-unit-oracle-k","1797","64","10","10","93","1.0","0.0","0.6678325225451682","0.7368827738380178","0.6678325225451682","0.7368827738380178","0.6868438633326971","0.7170041595058407","0.7016000292465361","0.7357121199155271","0.7433358773191403","0.7395043502769628","1.0","1.0","0.008031000004848465","","0","False","{""preprocessing"": ""maxabs-l2"", ""random_seed"": 7, ""reference_k"": 10, ""uses_reference_k"": true}"
"digits","kmeans-unit-oracle-k","1797","64","10","10","87","1.0","0.0","0.6782343635447307","0.7483307506101268","0.6782343635447307","0.7483307506101268","0.693935370682093","0.7290218934469103","0.7110460596637839","0.7463631394811245","0.7553726185201328","0.7508408533697473","1.0","1.0","0.0077342000004136935","","0","False","{""preprocessing"": ""maxabs-l2"", ""random_seed"": 8, ""reference_k"": 10, ""uses_reference_k"": true}"
"digits","kmeans-unit-oracle-k","1797","64","10","10","93","1.0","0.0","0.6660995078557664","0.7353136616226494","0.6660995078557664","0.7353136616226494","0.6852132328388112","0.7155408602953996","0.7000487359122753","0.7341461590203271","0.7417953821226715","0.7379509491177226","1.0","1.0","0.0073982999892905354","","0","False","{""preprocessing"": ""maxabs-l2"", ""random_seed"": 9, ""reference_k"": 10, ""uses_reference_k"": true}"
"digits","hdbscan","1797","64","10","11","22","0.573734001112966","0.4262659988870339","0.49354419161394625","0.49040227233922357","0.9347751949125509","0.9516167007307549","0.9596944063659768","0.35746220329273454","0.5209015761249285","0.9805486566118155","0.4695144397894396","0.6349816836770106","0.5730802296755043","0.16666666666666666","0.16363799999817275","","0","False","{""minimum_cluster_fraction"": 0.005, ""minimum_cluster_size"": 9, ""minimum_samples"": 9, ""minimum_samples_fraction"": 0.005, ""preprocessing"": ""maxabs-l2"", ""uses_reference_k"": false}"
"digits","optics-xi","1797","64","10","4","10","0.12576516416249303","0.8742348358375069","0.16327826592110514","0.10792614814247456","0.9672785051879363","0.9137375292616912","1.0","0.09776084086776757","0.17810954304124882","1.0000000000000004","0.33328953343127926","0.4999507234914595","0.1264286714478165","0.0","6.529014900006587","","0","False","{""minimum_cluster_fraction"": 0.005, ""minimum_cluster_size"": 9, ""minimum_samples"": 9, ""preprocessing"": ""maxabs-l2"", ""uses_reference_k"": false, ""xi"": 0.05}"
"digits","hdbscan","1797","64","10","11","22","0.573734001112966","0.4262659988870339","0.49354419161394625","0.49040227233922357","0.9347751949125509","0.9516167007307549","0.9596944063659768","0.35746220329273454","0.5209015761249285","0.9805486566118155","0.4695144397894396","0.6349816836770106","0.5730802296755043","0.16666666666666666","0.15774159999273252","","0","False","{""minimum_cluster_fraction"": 0.01, ""minimum_cluster_size"": 18, ""minimum_samples"": 9, ""minimum_samples_fraction"": 0.005, ""preprocessing"": ""maxabs-l2"", ""uses_reference_k"": false}"
"digits","optics-xi","1797","64","10","2","26","0.11185308848080133","0.8881469115191987","0.16183055858078282","0.09812322639828738","1.0","1.0","1.0","0.09682682009514558","0.1765580824997445","1.0000000000000004","0.3315895139335714","0.4980356340506799","0.11260032102728731","0.0","6.513300399994478","","0","False","{""minimum_cluster_fraction"": 0.01, ""minimum_cluster_size"": 18, ""minimum_samples"": 9, ""preprocessing"": ""maxabs-l2"", ""uses_reference_k"": false, ""xi"": 0.05}"
"digits","hdbscan","1797","64","10","8","95","0.5915414579855315","0.4084585420144686","0.5095103442239217","0.49679367473905206","0.9203614550609043","0.9551731631460374","0.8700534463182964","0.39127375526165037","0.5397950330300921","0.9535191304159597","0.4780412059098801","0.6368176365266875","0.590951956905626","0.21839080459770116","0.16486970000551082","","0","False","{""minimum_cluster_fraction"": 0.02, ""minimum_cluster_size"": 36, ""minimum_samples"": 9, ""minimum_samples_fraction"": 0.005, ""preprocessing"": ""maxabs-l2"", ""uses_reference_k"": false}"
"digits","optics-xi","1797","64","10","1","175","0.09738452977184196","0.902615470228158","0.15868695285677567","0.08648682046511699","1.0","1.0","1.0","0.09480310842113128","0.1731875031992765","1.0000000000000004","0.32935359171408973","0.49550938706896785","0.09831460674157302","0.0","6.581662299999152","","0","False","{""minimum_cluster_fraction"": 0.02, ""minimum_cluster_size"": 36, ""minimum_samples"": 9, ""preprocessing"": ""maxabs-l2"", ""uses_reference_k"": false, ""xi"": 0.05}"
"digits","dp-means-batch","1797","64","10","58","1","1.0","0.0","0.3306585564315582","0.6807854860794559","0.3306585564315582","0.6807854860794559","0.9238306188925082","0.2207526962066303","0.3563534384407778","0.9321614859664341","0.5565173638749733","0.6969455540139944","1.0","1.0","0.07446069999423344","fixed-point","0","False","{""iterations"": 16, ""maximum_iterations"": 100, ""penalty_calibration"": ""pairwise-squared-euclidean-quantile"", ""penalty_quantile"": 0.1, ""preprocessing"": ""maxabs-l2"", ""squared_distance_penalty"": 0.36820467937816403, ""uses_reference_k"": false}"
"digits","dp-means-batch","1797","64","10","14","1","1.0","0.0","0.5380278992392273","0.7027462427209441","0.5380278992392273","0.7027462427209441","0.5515887359116748","0.6271575879847567","0.5869508208185457","0.7161710120969633","0.6977339634819129","0.7068322800076193","1.0","1.0","0.01829130000260193","fixed-point","0","False","{""iterations"": 20, ""maximum_iterations"": 100, ""penalty_calibration"": ""pairwise-squared-euclidean-quantile"", ""penalty_quantile"": 0.25, ""preprocessing"": ""maxabs-l2"", ""squared_distance_penalty"": 0.49294643931970467, ""uses_reference_k"": false}"
"digits","dp-means-batch","1797","64","10","1","1797","1.0","0.0","0.0","0.0","0.0","0.0","0.0995199869121141","1.0","0.1810244253796704","0.0","1.0","0.0","1.0","1.0","0.0006783999997423962","fixed-point","0","False","{""iterations"": 2, ""maximum_iterations"": 100, ""penalty_calibration"": ""pairwise-squared-euclidean-quantile"", ""penalty_quantile"": 0.5, ""preprocessing"": ""maxabs-l2"", ""squared_distance_penalty"": 0.6286218267666718, ""uses_reference_k"": false}"
"digits","birch-adaptive","1797","64","10","167","1","1.0","0.0","0.28694952180095235","0.6191560846700505","0.28694952180095235","0.6191560846700505","0.9871227364185111","0.18329223641933798","0.3091756995210487","0.9788419728061575","0.5014707999341041","0.6631850729809351","1.0","1.0","0.020492199997534044","","0","False","{""knn_k"": 10, ""preprocessing"": ""maxabs-l2"", ""radius_quantile"": 0.25, ""radius_threshold"": 0.3205977927683291, ""uses_reference_k"": false}"
"digits","birch-adaptive","1797","64","10","75","1","1.0","0.0","0.47516672036586693","0.6889558855803877","0.47516672036586693","0.6889558855803877","0.9586481322418356","0.3405315200876734","0.5025477502148012","0.9332513257364917","0.5714253740596364","0.7088346459713002","1.0","1.0","0.019012800010386854","","0","False","{""knn_k"": 10, ""preprocessing"": ""maxabs-l2"", ""radius_quantile"": 0.5, ""radius_threshold"": 0.3632508202315342, ""uses_reference_k"": false}"
"digits","birch-adaptive","1797","64","10","32","1","1.0","0.0","0.5096153126491804","0.7168230491975925","0.5096153126491804","0.7168230491975925","0.8464099537067742","0.39733243667339163","0.5407970845604593","0.8667815774793015","0.6235110558919267","0.7252909723900715","1.0","1.0","0.013961999997263774","","0","False","{""knn_k"": 10, ""preprocessing"": ""maxabs-l2"", ""radius_quantile"": 0.75, ""radius_threshold"": 0.41029434932646314, ""uses_reference_k"": false}"
"optdigits","kmeans-unit-oracle-k","2000","64","10","10","123","1.0","0.0","0.6932303326983473","0.7602053285295908","0.6932303326983473","0.7602053285295908","0.7109805414837058","0.7384702419096444","0.7244647123972583","0.7590580276088814","0.7656680986487844","0.7623487349690408","1.0","1.0","0.008417400007601827","","0","False","{""preprocessing"": ""maxabs-l2"", ""random_seed"": 0, ""reference_k"": 10, ""uses_reference_k"": true}"
"optdigits","kmeans-unit-oracle-k","2000","64","10","10","124","1.0","0.0","0.6881826990974355","0.756921643338641","0.6881826990974355","0.756921643338641","0.7067821137427042","0.7335539490547901","0.7199192244763595","0.7558862672973718","0.7623294227528657","0.7590941729716366","1.0","1.0","0.008192799999960698","","0","False","{""preprocessing"": ""maxabs-l2"", ""random_seed"": 1, ""reference_k"": 10, ""uses_reference_k"": true}"
"optdigits","kmeans-unit-oracle-k","2000","64","10","10","122","1.0","0.0","0.675884236360544","0.7618868344589161","0.675884236360544","0.7618868344589161","0.6719724729645187","0.7528336270426146","0.7101085180532861","0.755432327437165","0.7728281515346527","0.7640312332300401","1.0","1.0","0.008346199989318848","","0","False","{""preprocessing"": ""maxabs-l2"", ""random_seed"": 2, ""reference_k"": 10, ""uses_reference_k"": true}"
"optdigits","kmeans-unit-oracle-k","2000","64","10","10","123","1.0","0.0","0.6876076436003689","0.7557404210696204","0.6876076436003689","0.7557404210696204","0.7060913583222852","0.7332435517462352","0.7194113500782231","0.7546661282671983","0.7612095019397754","0.7579236926589519","1.0","1.0","0.009358099996461533","","0","False","{""preprocessing"": ""maxabs-l2"", ""random_seed"": 3, ""reference_k"": 10, ""uses_reference_k"": true}"
"optdigits","kmeans-unit-oracle-k","2000","64","10","10","91","1.0","0.0","0.5730155272196602","0.7184179487043564","0.5730155272196602","0.7184179487043564","0.5630867956918927","0.6896928067926946","0.6199923942223092","0.7054687766820246","0.7371966678358244","0.7209838336510727","1.0","1.0","0.008265299999038689","","0","False","{""preprocessing"": ""maxabs-l2"", ""random_seed"": 4, ""reference_k"": 10, ""uses_reference_k"": true}"
"optdigits","kmeans-unit-oracle-k","2000","64","10","10","89","1.0","0.0","0.5053543854289142","0.6895236955090945","0.5053543854289142","0.6895236955090945","0.48795324910611376","0.6634091637295738","0.562312358506379","0.6691370599894298","0.7173203736883514","0.6923914636846953","1.0","1.0","0.007099000009475276","","0","False","{""preprocessing"": ""maxabs-l2"", ""random_seed"": 5, ""reference_k"": 10, ""uses_reference_k"": true}"
"optdigits","kmeans-unit-oracle-k","2000","64","10","10","124","1.0","0.0","0.6884648850440477","0.7572850394643218","0.6884648850440477","0.7572850394643218","0.7068630523346913","0.7340095322012176","0.7201805682792227","0.7562079622966423","0.7627289048809003","0.7594544360708012","1.0","1.0","0.007718499997281469","","0","False","{""preprocessing"": ""maxabs-l2"", ""random_seed"": 6, ""reference_k"": 10, ""uses_reference_k"": true}"
"optdigits","kmeans-unit-oracle-k","2000","64","10","10","100","1.0","0.0","0.6702237150603887","0.7480265932172038","0.6702237150603887","0.7480265932172038","0.681437265917603","0.7287077459147709","0.7042802121235582","0.7439647815241767","0.7567237634241998","0.7502900334984617","1.0","1.0","0.007987999997567385","","0","False","{""preprocessing"": ""maxabs-l2"", ""random_seed"": 7, ""reference_k"": 10, ""uses_reference_k"": true}"
"optdigits","kmeans-unit-oracle-k","2000","64","10","10","103","1.0","0.0","0.6587465242334116","0.7550523697873638","0.6587465242334116","0.7550523697873638","0.6603919197024949","0.7325726930471003","0.6946121712712428","0.7480807772706521","0.7666704733075197","0.7572615548109756","1.0","1.0","0.010240599993267097","","0","False","{""preprocessing"": ""maxabs-l2"", ""random_seed"": 8, ""reference_k"": 10, ""uses_reference_k"": true}"
"optdigits","kmeans-unit-oracle-k","2000","64","10","10","123","1.0","0.0","0.6901652496742609","0.756399725606509","0.6901652496742609","0.756399725606509","0.7086218293583205","0.7352611342518424","0.721695737315017","0.7553963070766445","0.7617842759153506","0.7585768434772376","1.0","1.0","0.009345899990876205","","0","False","{""preprocessing"": ""maxabs-l2"", ""random_seed"": 9, ""reference_k"": 10, ""uses_reference_k"": true}"
"optdigits","hdbscan","2000","64","10","6","111","0.576","0.424","0.38620942818146886","0.40704863679489345","0.6292324323640213","0.8481979778578962","0.5210512127516918","0.3773880567125921","0.4377335481904098","0.855965560753798","0.4378877612169794","0.5793807330592957","0.5739864346163821","0.2814070351758794","0.2030566000030376","","0","False","{""minimum_cluster_fraction"": 0.005, ""minimum_cluster_size"": 10, ""minimum_samples"": 10, ""minimum_samples_fraction"": 0.005, ""preprocessing"": ""maxabs-l2"", ""uses_reference_k"": false}"
"optdigits","optics-xi","2000","64","10","2","11","0.012","0.988","0.0011979997713822744","0.008384967426482592","0.0","0.0","1.0","0.0006658522909323935","0.0013308184533488096","1.0","0.3038847817438707","0.46612213900900407","0.011822660098522167","0.0","7.379788899997948","","0","False","{""minimum_cluster_fraction"": 0.005, ""minimum_cluster_size"": 10, ""minimum_samples"": 10, ""preprocessing"": ""maxabs-l2"", ""uses_reference_k"": false, ""xi"": 0.05}"
"optdigits","hdbscan","2000","64","10","6","111","0.576","0.424","0.38620942818146886","0.40704863679489345","0.6292324323640213","0.8481979778578962","0.5210512127516918","0.3773880567125921","0.4377335481904098","0.855965560753798","0.4378877612169794","0.5793807330592957","0.5739864346163821","0.2814070351758794","0.19682189999730326","","0","False","{""minimum_cluster_fraction"": 0.01, ""minimum_cluster_size"": 20, ""minimum_samples"": 10, ""minimum_samples_fraction"": 0.005, ""preprocessing"": ""maxabs-l2"", ""uses_reference_k"": false}"
"optdigits","optics-xi","2000","64","10","1","2000","1.0","0.0","0.0","0.0","0.0","0.0","0.09992196098049025","1.0","0.18168918255149305","0.0","1.0","0.0","1.0","1.0","7.4162204999884125","","0","False","{""minimum_cluster_fraction"": 0.01, ""minimum_cluster_size"": 20, ""minimum_samples"": 10, ""preprocessing"": ""maxabs-l2"", ""uses_reference_k"": false, ""xi"": 0.05}"
"optdigits","hdbscan","2000","64","10","6","111","0.576","0.424","0.38620942818146886","0.40704863679489345","0.6292324323640213","0.8481979778578962","0.5210512127516918","0.3773880567125921","0.4377335481904098","0.855965560753798","0.4378877612169794","0.5793807330592957","0.5739864346163821","0.2814070351758794","0.19893020000017714","","0","False","{""minimum_cluster_fraction"": 0.02, ""minimum_cluster_size"": 40, ""minimum_samples"": 10, ""minimum_samples_fraction"": 0.005, ""preprocessing"": ""maxabs-l2"", ""uses_reference_k"": false}"
"optdigits","optics-xi","2000","64","10","1","2000","1.0","0.0","0.0","0.0","0.0","0.0","0.09992196098049025","1.0","0.18168918255149305","0.0","1.0","0.0","1.0","1.0","7.435458799998742","","0","False","{""minimum_cluster_fraction"": 0.02, ""minimum_cluster_size"": 40, ""minimum_samples"": 10, ""preprocessing"": ""maxabs-l2"", ""uses_reference_k"": false, ""xi"": 0.05}"
"optdigits","dp-means-batch","2000","64","10","58","1","1.0","0.0","0.31537151047391515","0.6775132966792664","0.31537151047391515","0.6775132966792664","0.9367145725695463","0.20785605575136173","0.34021805487837353","0.9326951297427325","0.5500347513170548","0.6919867742545158","1.0","1.0","0.06412039999850094","fixed-point","0","False","{""iterations"": 19, ""maximum_iterations"": 100, ""penalty_calibration"": ""pairwise-squared-euclidean-quantile"", ""penalty_quantile"": 0.1, ""preprocessing"": ""maxabs-l2"", ""squared_distance_penalty"": 0.360968157911403, ""uses_reference_k"": false}"
"optdigits","dp-means-batch","2000","64","10","14","1","1.0","0.0","0.63307015554594","0.7549130060922439","0.63307015554594","0.7549130060922439","0.6891308159459331","0.6493411566805511","0.6686445592916704","0.7855912443828106","0.7320053210260374","0.7578522304902032","1.0","1.0","0.02726829999301117","fixed-point","0","False","{""iterations"": 32, ""maximum_iterations"": 100, ""penalty_calibration"": ""pairwise-squared-euclidean-quantile"", ""penalty_quantile"": 0.25, ""preprocessing"": ""maxabs-l2"", ""squared_distance_penalty"": 0.4875690037328438, ""uses_reference_k"": false}"
"optdigits","dp-means-batch","2000","64","10","1","2000","1.0","0.0","0.0","0.0","0.0","0.0","0.09992196098049025","1.0","0.18168918255149305","0.0","1.0","0.0","1.0","1.0","0.0006942999898456037","fixed-point","0","False","{""iterations"": 2, ""maximum_iterations"": 100, ""penalty_calibration"": ""pairwise-squared-euclidean-quantile"", ""penalty_quantile"": 0.5, ""preprocessing"": ""maxabs-l2"", ""squared_distance_penalty"": 0.6237088395727333, ""uses_reference_k"": false}"
"optdigits","birch-adaptive","2000","64","10","199","1","1.0","0.0","0.20848664676970075","0.5795104623568432","0.20848664676970075","0.5795104623568432","0.9713874801301945","0.12849447292534444","0.22696603379818367","0.9641480794316231","0.4682155544985296","0.6303275466316162","1.0","1.0","0.023346000001765788","","0","False","{""knn_k"": 10, ""preprocessing"": ""maxabs-l2"", ""radius_quantile"": 0.25, ""radius_threshold"": 0.32107548178339607, ""uses_reference_k"": false}"
"optdigits","birch-adaptive","2000","64","10","84","1","1.0","0.0","0.32536671090577496","0.6641256181123959","0.32536671090577496","0.6641256181123959","0.9497907023100264","0.21469480935597565","0.35022356520141285","0.9400617287853084","0.5385795608534331","0.6848152241007798","1.0","1.0","0.022536399992532097","","0","False","{""knn_k"": 10, ""preprocessing"": ""maxabs-l2"", ""radius_quantile"": 0.5, ""radius_threshold"": 0.3633130560578046, ""uses_reference_k"": false}"
"optdigits","birch-adaptive","2000","64","10","29","2","1.0","0.0","0.58789932854024","0.7352598196899865","0.58789932854024","0.7352598196899865","0.8482242729306487","0.4859420057673822","0.617895701772255","0.8574013119513482","0.653701564367958","0.74182186758713","1.0","1.0","0.01406269999279175","","0","False","{""knn_k"": 10, ""preprocessing"": ""maxabs-l2"", ""radius_quantile"": 0.75, ""radius_threshold"": 0.4105348051687049, ""uses_reference_k"": false}"
"pendigits","kmeans-unit-oracle-k","2000","16","10","10","130","1.0","0.0","0.5448142086563791","0.6646977390720039","0.5448142086563791","0.6646977390720039","0.5787146790043207","0.6046763649801988","0.5914107432869721","0.6645698732054731","0.6708550510862612","0.6676976715499022","1.0","1.0","0.005601200013188645","","0","False","{""preprocessing"": ""maxabs-l2"", ""random_seed"": 0, ""reference_k"": 10, ""uses_reference_k"": true}"
"pendigits","kmeans-unit-oracle-k","2000","16","10","10","75","1.0","0.0","0.5545145573063185","0.6940320617018992","0.5545145573063185","0.6940320617018992","0.548192353629356","0.6716007211310371","0.6036538288894874","0.6808035721060082","0.7136258966336908","0.696828445564445","1.0","1.0","0.007407900004182011","","0","False","{""preprocessing"": ""maxabs-l2"", ""random_seed"": 1, ""reference_k"": 10, ""uses_reference_k"": true}"
"pendigits","kmeans-unit-oracle-k","2000","16","10","10","86","1.0","0.0","0.5119296340279248","0.6711623523929091","0.5119296340279248","0.6711623523929091","0.5138036184559189","0.6294165530535705","0.5657641643043594","0.6592845872719528","0.6897284716480169","0.6741630079166704","1.0","1.0","0.006728099993779324","","0","False","{""preprocessing"": ""maxabs-l2"", ""random_seed"": 2, ""reference_k"": 10, ""uses_reference_k"": true}"
"pendigits","kmeans-unit-oracle-k","2000","16","10","10","96","1.0","0.0","0.507126381193392","0.6588946549245426","0.507126381193392","0.6588946549245426","0.5114887289695058","0.621875639853976","0.5613064771679773","0.6482383484196393","0.676363028778151","0.6620021090945686","1.0","1.0","0.008651600001030602","","0","False","{""preprocessing"": ""maxabs-l2"", ""random_seed"": 3, ""reference_k"": 10, ""uses_reference_k"": true}"
"pendigits","kmeans-unit-oracle-k","2000","16","10","10","89","1.0","0.0","0.5806870016180736","0.6823483218739544","0.5806870016180736","0.6823483218739544","0.6064612251056125","0.6423659490314172","0.6238974431108536","0.6804455219632947","0.6900184045267715","0.6851985292819777","1.0","1.0","0.007097299996530637","","0","False","{""preprocessing"": ""maxabs-l2"", ""random_seed"": 4, ""reference_k"": 10, ""uses_reference_k"": true}"
"pendigits","kmeans-unit-oracle-k","2000","16","10","10","89","1.0","0.0","0.5855714858873223","0.6836792402806479","0.5855714858873223","0.6836792402806479","0.6110604951967333","0.646441038548549","0.6282530407012299","0.681838053858272","0.691260868571466","0.68651712944486","1.0","1.0","0.00812210000003688","","0","False","{""preprocessing"": ""maxabs-l2"", ""random_seed"": 5, ""reference_k"": 10, ""uses_reference_k"": true}"
"pendigits","kmeans-unit-oracle-k","2000","16","10","10","83","1.0","0.0","0.4770752289103404","0.6361752542269808","0.4770752289103404","0.6361752542269808","0.4874119660369907","0.5917069930733466","0.5345195103410785","0.6263240412565041","0.6532199334148766","0.6394893127933087","1.0","1.0","0.00699470000108704","","0","False","{""preprocessing"": ""maxabs-l2"", ""random_seed"": 6, ""reference_k"": 10, ""uses_reference_k"": true}"
"pendigits","kmeans-unit-oracle-k","2000","16","10","10","124","1.0","0.0","0.5102500296558854","0.6562826255242722","0.5102500296558854","0.6562826255242722","0.5217330204789058","0.6118477234931907","0.5632085099340792","0.6491536465458039","0.6699634496317123","0.6593944050017914","1.0","1.0","0.006776199996238574","","0","False","{""preprocessing"": ""maxabs-l2"", ""random_seed"": 7, ""reference_k"": 10, ""uses_reference_k"": true}"
"pendigits","kmeans-unit-oracle-k","2000","16","10","10","96","1.0","0.0","0.5100237961968928","0.6571328845723178","0.5100237961968928","0.6571328845723178","0.5159279002717222","0.6210865906582568","0.5636443566223124","0.6473154046640119","0.6737170551913855","0.6602524032725059","1.0","1.0","0.0067162000050302595","","0","False","{""preprocessing"": ""maxabs-l2"", ""random_seed"": 8, ""reference_k"": 10, ""uses_reference_k"": true}"
"pendigits","kmeans-unit-oracle-k","2000","16","10","10","69","1.0","0.0","0.5521039339305475","0.6831107817106398","0.5521039339305475","0.6831107817106398","0.5501943233523993","0.6624417576819932","0.6011229590287628","0.671861002699146","0.7007457402105581","0.6859994504427293","1.0","1.0","0.007083099990268238","","0","False","{""preprocessing"": ""maxabs-l2"", ""random_seed"": 9, ""reference_k"": 10, ""uses_reference_k"": true}"
"pendigits","hdbscan","2000","16","10","12","11","0.722","0.278","0.6016537019361266","0.6014524981861433","0.8710560108618086","0.9075878723204102","0.8804565980933267","0.49073865991480264","0.6302152644388791","0.9411854824578388","0.53905418979252","0.6854970680788268","0.7224373882120603","0.3781094527363184","0.06387549999635667","","0","False","{""minimum_cluster_fraction"": 0.005, ""minimum_cluster_size"": 10, ""minimum_samples"": 10, ""minimum_samples_fraction"": 0.005, ""preprocessing"": ""maxabs-l2"", ""uses_reference_k"": false}"
"pendigits","optics-xi","2000","16","10","8","10","0.1375","0.8625","0.126270853550667","0.11034338770044713","0.9312054727523259","0.874917552476368","0.9987924325774856","0.07435040775865083","0.13839839737481816","0.9988659324516866","0.32713356737786714","0.4928547497297586","0.15078346560172817","0.0","7.406258899995009","","0","False","{""minimum_cluster_fraction"": 0.005, ""minimum_cluster_size"": 10, ""minimum_samples"": 10, ""preprocessing"": ""maxabs-l2"", ""uses_reference_k"": false, ""xi"": 0.05}"
"pendigits","hdbscan","2000","16","10","11","21","0.7165","0.2835","0.601403154589113","0.598259020092099","0.8746203734334574","0.9115224860288687","0.8803976585120974","0.49046399089097636","0.629973636439444","0.9411854824578388","0.5372892555441663","0.6840682957926378","0.7164914422661143","0.3781094527363184","0.0586258999974234","","0","False","{""minimum_cluster_fraction"": 0.01, ""minimum_cluster_size"": 20, ""minimum_samples"": 10, ""minimum_samples_fraction"": 0.005, ""preprocessing"": ""maxabs-l2"", ""uses_reference_k"": false}"
"pendigits","optics-xi","2000","16","10","4","20","0.215","0.785","0.2936347645491955","0.18699461963580066","0.9879018195466749","0.9621851450649687","1.0","0.1876438891136181","0.31599352437819317","1.0000000000000004","0.3527516759835338","0.5215320479674315","0.21625713464853477","0.0","7.427428399998462","","0","False","{""minimum_cluster_fraction"": 0.01, ""minimum_cluster_size"": 20, ""minimum_samples"": 10, ""preprocessing"": ""maxabs-l2"", ""uses_reference_k"": false, ""xi"": 0.05}"
"pendigits","hdbscan","2000","16","10","10","97","0.736","0.264","0.623518552951531","0.621857140448407","0.8852936208073656","0.9207457424388126","0.8854498467455977","0.5150343835678008","0.6512563385262413","0.9411854824578388","0.5553546450709521","0.6985335306971249","0.7375725233471954","0.3781094527363184","0.051570099996752106","","0","False","{""minimum_cluster_fraction"": 0.02, ""minimum_cluster_size"": 40, ""minimum_samples"": 10, ""minimum_samples_fraction"": 0.005, ""preprocessing"": ""maxabs-l2"", ""uses_reference_k"": false}"
"pendigits","optics-xi","2000","16","10","3","106","0.2445","0.7555","0.32718853798203085","0.21554640866452351","1.0","1.0","1.0","0.21273365594458676","0.350833268132384","1.0000000000000004","0.3623521022959808","0.5319507367960258","0.24832235203983913","0.0","7.520474099990679","","0","False","{""minimum_cluster_fraction"": 0.02, ""minimum_cluster_size"": 40, ""minimum_samples"": 10, ""preprocessing"": ""maxabs-l2"", ""uses_reference_k"": false, ""xi"": 0.05}"
"pendigits","dp-means-batch","2000","16","10","58","1","1.0","0.0","0.3571985337768032","0.6710300260045045","0.3571985337768032","0.6710300260045045","0.8599523858813788","0.2489400272671431","0.38610881966794086","0.8915404738464917","0.5565008143641741","0.6852608468744349","1.0","1.0","0.05271010000433307","fixed-point","0","False","{""iterations"": 16, ""maximum_iterations"": 100, ""penalty_calibration"": ""pairwise-squared-euclidean-quantile"", ""penalty_quantile"": 0.1, ""preprocessing"": ""maxabs-l2"", ""squared_distance_penalty"": 0.16187261158950883, ""uses_reference_k"": false}"
"pendigits","dp-means-batch","2000","16","10","23","1","1.0","0.0","0.5519915697100489","0.7081236267508461","0.5519915697100489","0.7081236267508461","0.7007685116445325","0.5091115206176557","0.5897598324641253","0.7835682610534704","0.6550989278958248","0.71359760157485","1.0","1.0","0.02131359999475535","fixed-point","0","False","{""iterations"": 26, ""maximum_iterations"": 100, ""penalty_calibration"": ""pairwise-squared-euclidean-quantile"", ""penalty_quantile"": 0.25, ""preprocessing"": ""maxabs-l2"", ""squared_distance_penalty"": 0.31156740315362275, ""uses_reference_k"": false}"
"pendigits","dp-means-batch","2000","16","10","7","130","1.0","0.0","0.3888110226085358","0.5946459474307213","0.3888110226085358","0.5946459474307213","0.36090565139669034","0.666451925429857","0.4682425509817406","0.5336890632674579","0.6782199259776998","0.5973362029599444","1.0","1.0","0.01058750000083819","fixed-point","0","False","{""iterations"": 32, ""maximum_iterations"": 100, ""penalty_calibration"": ""pairwise-squared-euclidean-quantile"", ""penalty_quantile"": 0.5, ""preprocessing"": ""maxabs-l2"", ""squared_distance_penalty"": 0.48534639224032494, ""uses_reference_k"": false}"
"pendigits","birch-adaptive","2000","16","10","348","1","1.0","0.0","0.12209145851964669","0.507542312029153","0.12209145851964669","0.507542312029153","0.9801455089413205","0.07198825415374474","0.13412546290265553","0.9809283569719334","0.42652320463498533","0.5945337200170728","1.0","1.0","0.024955200002295896","","0","False","{""knn_k"": 10, ""preprocessing"": ""maxabs-l2"", ""radius_quantile"": 0.25, ""radius_threshold"": 0.12910441727979355, ""uses_reference_k"": false}"
"pendigits","birch-adaptive","2000","16","10","202","1","1.0","0.0","0.1837710109141758","0.5726977237749574","0.1837710109141758","0.5726977237749574","0.9501181634031061","0.11243451640772868","0.20107440932047854","0.963266425706426","0.46322800432331757","0.625606346044182","1.0","1.0","0.023847999997087754","","0","False","{""knn_k"": 10, ""preprocessing"": ""maxabs-l2"", ""radius_quantile"": 0.5, ""radius_threshold"": 0.1570702962362342, ""uses_reference_k"": false}"
"pendigits","birch-adaptive","2000","16","10","96","1","1.0","0.0","0.27247048158734466","0.6368416101097587","0.27247048158734466","0.6368416101097587","0.9059698061154111","0.17711657452769414","0.29630557922702894","0.9247480331240759","0.5149976287510935","0.661565520719629","1.0","1.0","0.023354100005235523","","0","False","{""knn_k"": 10, ""preprocessing"": ""maxabs-l2"", ""radius_quantile"": 0.75, ""radius_threshold"": 0.1983573711492796, ""uses_reference_k"": false}"
"segment","kmeans-unit-oracle-k","2000","19","7","7","149","1.0","0.0","0.4278228126580326","0.5456802082256687","0.4278228126580326","0.5456802082256687","0.4723565156325268","0.5712385638232538","0.5171129356861138","0.5343932370225108","0.5619998172156956","0.5478489677894374","1.0","1.0","0.00518710000324063","","0","False","{""preprocessing"": ""standardize-l2"", ""random_seed"": 0, ""reference_k"": 7, ""uses_reference_k"": true}"
"segment","kmeans-unit-oracle-k","2000","19","7","7","199","1.0","0.0","0.4882602456764256","0.5798386236866238","0.4882602456764256","0.5798386236866238","0.5530141158435251","0.5722176795308667","0.5624520306245117","0.5792232368916187","0.5844038636087744","0.5818020178214782","1.0","1.0","0.006526500001200475","","0","False","{""preprocessing"": ""standardize-l2"", ""random_seed"": 1, ""reference_k"": 7, ""uses_reference_k"": true}"
"segment","kmeans-unit-oracle-k","2000","19","7","7","76","1.0","0.0","0.4531645423292808","0.5418045922473531","0.4531645423292808","0.5418045922473531","0.49804434027580047","0.5831564023288215","0.5372503629174359","0.5297991863534153","0.5589793304250958","0.5439982326687245","1.0","1.0","0.006287700001848862","","0","False","{""preprocessing"": ""standardize-l2"", ""random_seed"": 2, ""reference_k"": 7, ""uses_reference_k"": true}"
"segment","kmeans-unit-oracle-k","2000","19","7","7","144","1.0","0.0","0.49798930991641294","0.5822892401881092","0.49798930991641294","0.5822892401881092","0.5492438404909558","0.5980115879572278","0.5725911999771507","0.5771895263026091","0.5915002741405468","0.5842572818032419","1.0","1.0","0.008377999998629093","","0","False","{""preprocessing"": ""standardize-l2"", ""random_seed"": 3, ""reference_k"": 7, ""uses_reference_k"": true}"
"segment","kmeans-unit-oracle-k","2000","19","7","7","149","1.0","0.0","0.43296451776872125","0.5329261685514145","0.43296451776872125","0.5329261685514145","0.4926334854237052","0.5460026460689733","0.5179469083113062","0.5275024108904789","0.5429850275345248","0.5351317555361699","1.0","1.0","0.006714300005114637","","0","False","{""preprocessing"": ""standardize-l2"", ""random_seed"": 4, ""reference_k"": 7, ""uses_reference_k"": true}"
"segment","kmeans-unit-oracle-k","2000","19","7","7","148","1.0","0.0","0.46005236846573794","0.5571379516576249","0.46005236846573794","0.5571379516576249","0.5092202651462562","0.5792223926218893","0.5419702696224103","0.5496878583023816","0.5691203633612171","0.5592353498924579","1.0","1.0","0.007776099999318831","","0","False","{""preprocessing"": ""standardize-l2"", ""random_seed"": 5, ""reference_k"": 7, ""uses_reference_k"": true}"
"segment","kmeans-unit-oracle-k","2000","19","7","7","199","1.0","0.0","0.5074839242841046","0.6127794168421627","0.5074839242841046","0.6127794168421627","0.5666642049574349","0.5924071156093503","0.5792497859644127","0.6110720636537899","0.6181513667353113","0.6145913297500166","1.0","1.0","0.007316199989872985","","0","False","{""preprocessing"": ""standardize-l2"", ""random_seed"": 6, ""reference_k"": 7, ""uses_reference_k"": true}"
"segment","kmeans-unit-oracle-k","2000","19","7","7","77","1.0","0.0","0.5207817122424122","0.61579398985545","0.5207817122424122","0.61579398985545","0.5608490108535475","0.6290835968289284","0.5930099078684022","0.6058093500734152","0.6298991645434033","0.6176194449904824","1.0","1.0","0.006063699998776428","","0","False","{""preprocessing"": ""standardize-l2"", ""random_seed"": 7, ""reference_k"": 7, ""uses_reference_k"": true}"
"segment","kmeans-unit-oracle-k","2000","19","7","7","127","1.0","0.0","0.4140429672146536","0.5475152473207308","0.4140429672146536","0.5475152473207308","0.4375863048799334","0.6160953988580493","0.5117198259843037","0.5249368244923436","0.5769675812709154","0.5497237843197327","1.0","1.0","0.005872599998838268","","0","False","{""preprocessing"": ""standardize-l2"", ""random_seed"": 8, ""reference_k"": 7, ""uses_reference_k"": true}"
"segment","kmeans-unit-oracle-k","2000","19","7","7","137","1.0","0.0","0.4379471614362021","0.5420784391657129","0.4379471614362021","0.5420784391657129","0.49387525753886496","0.5552112468459489","0.5227502143597046","0.5355078147514291","0.5532719700846584","0.5442449755032103","1.0","1.0","0.005532900002435781","","0","False","{""preprocessing"": ""standardize-l2"", ""random_seed"": 9, ""reference_k"": 7, ""uses_reference_k"": true}"
"segment","hdbscan","2000","19","7","19","13","0.737","0.263","0.4465021991257887","0.50283636614508","0.6429700624361427","0.7496936619263105","0.8865789014340705","0.3386722629504722","0.4901194001046211","0.9191554087906736","0.4363911470687177","0.5918074616364336","0.7385242577140768","0.30604982206405695","0.05814229999668896","","0","False","{""minimum_cluster_fraction"": 0.005, ""minimum_cluster_size"": 10, ""minimum_samples"": 10, ""minimum_samples_fraction"": 0.005, ""preprocessing"": ""standardize-l2"", ""uses_reference_k"": false}"
"segment","optics-xi","2000","19","7","31","10","0.3465","0.6535","0.1061375804629705","0.2089021541786761","0.5023335885983924","0.6772119771220483","0.9832253954772269","0.06500064923442977","0.12193989907468669","0.9864273017800397","0.2997436375239379","0.45977606638893515","0.3431239324433987","0.1111111111111111","7.465139099993394","","0","False","{""minimum_cluster_fraction"": 0.005, ""minimum_cluster_size"": 10, ""minimum_samples"": 10, ""preprocessing"": ""standardize-l2"", ""uses_reference_k"": false, ""xi"": 0.05}"
"segment","hdbscan","2000","19","7","15","20","0.706","0.294","0.44493997808973207","0.4853057199183299","0.6666598848531966","0.7673349318998528","0.8864634461379488","0.3371877972002204","0.48854550400545077","0.9215966498968188","0.4286175709190521","0.585110882934151","0.7075400850428133","0.23843416370106763","0.050075199993443675","","0","False","{""minimum_cluster_fraction"": 0.01, ""minimum_cluster_size"": 20, ""minimum_samples"": 10, ""minimum_samples_fraction"": 0.005, ""preprocessing"": ""standardize-l2"", ""uses_reference_k"": false}"
"segment","optics-xi","2000","19","7","19","21","0.529","0.471","0.30613579794313683","0.35672096224142447","0.6418279733518915","0.7605268854530072","0.981452368209794","0.20594067050124407","0.3404449111367018","0.9747018311268392","0.359445961059176","0.5252081343424012","0.5314351296503077","0.1708185053380783","7.521790700004203","","0","False","{""minimum_cluster_fraction"": 0.01, ""minimum_cluster_size"": 20, ""minimum_samples"": 10, ""preprocessing"": ""standardize-l2"", ""uses_reference_k"": false, ""xi"": 0.05}"
"segment","hdbscan","2000","19","7","10","50","0.6715","0.3285","0.4193534767466064","0.4369246492792671","0.6455201813129533","0.7501089230320505","0.77546565774156","0.3366262971528438","0.4694614178006935","0.8780352102600516","0.4077025421298242","0.5568432390464146","0.6746185339064239","0.25084745762711863","0.059090099995955825","","0","False","{""minimum_cluster_fraction"": 0.02, ""minimum_cluster_size"": 40, ""minimum_samples"": 10, ""minimum_samples_fraction"": 0.005, ""preprocessing"": ""standardize-l2"", ""uses_reference_k"": false}"
"segment","optics-xi","2000","19","7","11","42","0.5075","0.4925","0.32578892202316523","0.33821421631479986","0.6797833851818204","0.7680818941332839","0.9573046892629868","0.2233120782169566","0.3621457962222058","0.9530176499487789","0.35616414712994454","0.518538707536552","0.5079664531427627","0.10508474576271186","7.348372099993867","","0","False","{""minimum_cluster_fraction"": 0.02, ""minimum_cluster_size"": 40, ""minimum_samples"": 10, ""preprocessing"": ""standardize-l2"", ""uses_reference_k"": false, ""xi"": 0.05}"
"segment","dp-means-batch","2000","19","7","52","1","1.0","0.0","0.34279715690825835","0.5925194849942372","0.34279715690825835","0.5925194849942372","0.859402759862737","0.24784612091201647","0.38473670017895617","0.8473536596754264","0.4702810377923714","0.6048631828156034","1.0","1.0","0.04061300000466872","fixed-point","0","False","{""iterations"": 13, ""maximum_iterations"": 100, ""penalty_calibration"": ""pairwise-squared-euclidean-quantile"", ""penalty_quantile"": 0.1, ""preprocessing"": ""standardize-l2"", ""squared_distance_penalty"": 0.5898951588666403, ""uses_reference_k"": false}"
"segment","dp-means-batch","2000","19","7","1","2000","1.0","0.0","0.0","0.0","0.0","0.0","0.14254677338669336","1.0","0.24952461764722625","0.0","1.0","0.0","1.0","1.0","0.00046209999709390104","fixed-point","0","False","{""iterations"": 2, ""maximum_iterations"": 100, ""penalty_calibration"": ""pairwise-squared-euclidean-quantile"", ""penalty_quantile"": 0.25, ""preprocessing"": ""standardize-l2"", ""squared_distance_penalty"": 1.259533816517599, ""uses_reference_k"": false}"
"segment","dp-means-batch","2000","19","7","1","2000","1.0","0.0","0.0","0.0","0.0","0.0","0.14254677338669336","1.0","0.24952461764722625","0.0","1.0","0.0","1.0","1.0","0.0005201000021770597","fixed-point","0","False","{""iterations"": 2, ""maximum_iterations"": 100, ""penalty_calibration"": ""pairwise-squared-euclidean-quantile"", ""penalty_quantile"": 0.5, ""preprocessing"": ""standardize-l2"", ""squared_distance_penalty"": 2.0441772829983385, ""uses_reference_k"": false}"
"segment","birch-adaptive","2000","19","7","573","1","1.0","0.0","0.0687142981901958","0.3775170950205826","0.0687142981901958","0.3775170950205826","0.9454603275560503","0.04173349102126331","0.07993842617022207","0.9747751832822353","0.33371901915490115","0.4972143055056676","1.0","1.0","0.026316499992390163","","0","False","{""knn_k"": 10, ""preprocessing"": ""standardize-l2"", ""radius_quantile"": 0.25, ""radius_threshold"": 0.1561143834979574, ""uses_reference_k"": false}"
"segment","birch-adaptive","2000","19","7","318","1","1.0","0.0","0.1382952556371539","0.4680717954561145","0.1382952556371539","0.4680717954561145","0.9205058049249427","0.08736940737179374","0.15959127812126397","0.9463139237573563","0.37404614365960515","0.5361644639333806","1.0","1.0","0.026534500007983297","","0","False","{""knn_k"": 10, ""preprocessing"": ""standardize-l2"", ""radius_quantile"": 0.5, ""radius_threshold"": 0.234456000904335, ""uses_reference_k"": false}"
"segment","birch-adaptive","2000","19","7","94","1","1.0","0.0","0.28390552215894943","0.5659063862191547","0.28390552215894943","0.5659063862191547","0.8502975164495871","0.19909036992324997","0.3226377001165866","0.8718846501071844","0.44433929836560826","0.5886727925500563","1.0","1.0","0.022843699989607558","","0","False","{""knn_k"": 10, ""preprocessing"": ""standardize-l2"", ""radius_quantile"": 0.75, ""radius_threshold"": 0.38521012489648176, ""uses_reference_k"": false}"
"vehicle","kmeans-unit-oracle-k","846","18","4","4","118","1.0","0.0","0.09841783067412045","0.12289570681222417","0.09841783067412045","0.12289570681222417","0.3196746007833685","0.3451141818834403","0.33190764102757714","0.1243660152289589","0.12836780012753146","0.12633522556567972","1.0","1.0","0.004070800001500174","","0","False","{""preprocessing"": ""standardize-l2"", ""random_seed"": 0, ""reference_k"": 4, ""uses_reference_k"": true}"
"vehicle","kmeans-unit-oracle-k","846","18","4","4","118","1.0","0.0","0.09245473236020342","0.10339931384390044","0.09245473236020342","0.10339931384390044","0.31332384735479535","0.35565749921485934","0.3331512203322161","0.10426106764110361","0.10978294354425225","0.106950779321686","1.0","1.0","0.005614099995000288","","0","False","{""preprocessing"": ""standardize-l2"", ""random_seed"": 1, ""reference_k"": 4, ""uses_reference_k"": true}"
"vehicle","kmeans-unit-oracle-k","846","18","4","4","157","1.0","0.0","0.09497317256869679","0.1100326331974159","0.09497317256869679","0.1100326331974159","0.3182349689599456","0.33578222441563105","0.326773200602528","0.11238037229769816","0.11464500863069106","0.11350139530041217","1.0","1.0","0.004201300005661324","","0","False","{""preprocessing"": ""standardize-l2"", ""random_seed"": 2, ""reference_k"": 4, ""uses_reference_k"": true}"
"vehicle","kmeans-unit-oracle-k","846","18","4","4","162","1.0","0.0","0.1081319039132766","0.13881191723794586","0.1081319039132766","0.13881191723794586","0.32715414023442424","0.3493763739961416","0.33790028638375424","0.14050841890633994","0.14388136334048543","0.14217488907891945","1.0","1.0","0.004152900000917725","","0","False","{""preprocessing"": ""standardize-l2"", ""random_seed"": 3, ""reference_k"": 4, ""uses_reference_k"": true}"
"vehicle","kmeans-unit-oracle-k","846","18","4","4","129","1.0","0.0","0.09590648002226426","0.10943592546938512","0.09590648002226426","0.10943592546938512","0.3156275271701611","0.3589663062497196","0.3359047828961869","0.1101058809620898","0.11597432560073477","0.11296393862507102","1.0","1.0","0.004904699992039241","","0","False","{""preprocessing"": ""standardize-l2"", ""random_seed"": 4, ""reference_k"": 4, ""uses_reference_k"": true}"
"vehicle","kmeans-unit-oracle-k","846","18","4","4","111","1.0","0.0","0.09048329207753099","0.1010712465895594","0.09048329207753099","0.1010712465895594","0.311654312272032","0.35650993763739963","0.33257648683714897","0.10180802999297214","0.1076325320349711","0.1046392918691069","1.0","1.0","0.004496499997912906","","0","False","{""preprocessing"": ""standardize-l2"", ""random_seed"": 5, ""reference_k"": 4, ""uses_reference_k"": true}"
"vehicle","kmeans-unit-oracle-k","846","18","4","4","163","1.0","0.0","0.09754256768636799","0.11861877321199331","0.09754256768636799","0.11861877321199331","0.32033637509883955","0.33625330880703486","0.32810191417408147","0.12096508950730747","0.12315566733284679","0.12205055002352483","1.0","1.0","0.005216800011112355","","0","False","{""preprocessing"": ""standardize-l2"", ""random_seed"": 6, ""reference_k"": 4, ""uses_reference_k"": true}"
"vehicle","kmeans-unit-oracle-k","846","18","4","4","119","1.0","0.0","0.09873789037208083","0.12344356418209482","0.09873789037208083","0.12344356418209482","0.31983898076484135","0.34577594329041234","0.3323021202746548","0.12488153518377977","0.12894664041271592","0.12688153609179625","1.0","1.0","0.004517800000030547","","0","False","{""preprocessing"": ""standardize-l2"", ""random_seed"": 7, ""reference_k"": 4, ""uses_reference_k"": true}"
"vehicle","kmeans-unit-oracle-k","846","18","4","4","108","1.0","0.0","0.08940438015877678","0.09986061816817156","0.08940438015877678","0.09986061816817156","0.3108088285627671","0.3564875050473328","0.33208473735078237","0.10056397698893213","0.1064774138087846","0.10343624674130335","1.0","1.0","0.0043994000006932765","","0","False","{""preprocessing"": ""standardize-l2"", ""random_seed"": 8, ""reference_k"": 4, ""uses_reference_k"": true}"
"vehicle","kmeans-unit-oracle-k","846","18","4","4","129","1.0","0.0","0.09590648002226426","0.10943592546938512","0.09590648002226426","0.10943592546938512","0.3156275271701611","0.3589663062497196","0.3359047828961869","0.1101058809620898","0.11597432560073477","0.11296393862507102","1.0","1.0","0.005763599998317659","","0","False","{""preprocessing"": ""standardize-l2"", ""random_seed"": 9, ""reference_k"": 4, ""uses_reference_k"": true}"
"vehicle","hdbscan","846","18","4","2","11","0.9929078014184397","0.0070921985815602835","0.0007692898864863565","0.01024197031172785","0.0005790683010160625","0.010356216461849673","0.2497254275900845","0.9614720265601866","0.39647377415781526","0.014032096613749354","0.156599686007165","0.025756302723710912","0.992753047772331","0.9849246231155779","0.01645670000289101","","0","False","{""minimum_cluster_fraction"": 0.005, ""minimum_cluster_size"": 5, ""minimum_samples"": 5, ""minimum_samples_fraction"": 0.005, ""preprocessing"": ""standardize-l2"", ""uses_reference_k"": false}"
"vehicle","optics-xi","846","18","4","11","5","0.1288416075650118","0.8711583924349882","0.0046910868340946515","0.03425274791280285","0.1865412484360752","0.3900716125728677","0.5846645367412141","0.004105163982233389","0.008153081909514156","0.9535525510520008","0.20551345214419703","0.3381479156962736","0.13056347156700232","0.07373271889400922","2.620574899992789","","0","False","{""minimum_cluster_fraction"": 0.005, ""minimum_cluster_size"": 5, ""minimum_samples"": 5, ""preprocessing"": ""standardize-l2"", ""uses_reference_k"": false, ""xi"": 0.05}"
"vehicle","hdbscan","846","18","4","2","11","0.9929078014184397","0.0070921985815602835","0.0007692898864863565","0.01024197031172785","0.0005790683010160625","0.010356216461849673","0.2497254275900845","0.9614720265601866","0.39647377415781526","0.014032096613749354","0.156599686007165","0.025756302723710912","0.992753047772331","0.9849246231155779","0.012990899995202199","","0","False","{""minimum_cluster_fraction"": 0.01, ""minimum_cluster_size"": 9, ""minimum_samples"": 5, ""minimum_samples_fraction"": 0.005, ""preprocessing"": ""standardize-l2"", ""uses_reference_k"": false}"
"vehicle","optics-xi","846","18","4","7","9","0.1099290780141844","0.8900709219858156","0.0050320618554409785","0.03222998679512768","0.1920260063103547","0.39516080381928664","0.6119162640901772","0.004262192112701332","0.008465419873687024","0.9619871383753783","0.2065995127777287","0.34014777404941476","0.1113330010678596","0.03686635944700461","2.603169000009075","","0","False","{""minimum_cluster_fraction"": 0.01, ""minimum_cluster_size"": 9, ""minimum_samples"": 5, ""preprocessing"": ""standardize-l2"", ""uses_reference_k"": false, ""xi"": 0.05}"
"vehicle","hdbscan","846","18","4","3","22","0.7163120567375887","0.28368794326241137","0.07735371026945405","0.09354244269180918","0.11161633689459938","0.19588485017589502","0.3080414528990865","0.30372605321010365","0.305868532669163","0.39879475215640925","0.20238178051145747","0.2685028028019479","0.7149465412706664","0.6381909547738693","0.014100300002610311","","0","False","{""minimum_cluster_fraction"": 0.02, ""minimum_cluster_size"": 17, ""minimum_samples"": 5, ""minimum_samples_fraction"": 0.005, ""preprocessing"": ""standardize-l2"", ""uses_reference_k"": false}"
"vehicle","optics-xi","846","18","4","6","18","0.16784869976359337","0.8321513002364066","0.025378930620094158","0.06795347460449268","0.34127608900039424","0.5152134914298514","0.8853644963828603","0.017845125398178473","0.0349851021956395","0.9689398064161368","0.21650501801503874","0.3539267723308421","0.16763515403452778","0.03686635944700461","2.7235991999914404","","0","False","{""minimum_cluster_fraction"": 0.02, ""minimum_cluster_size"": 17, ""minimum_samples"": 5, ""preprocessing"": ""standardize-l2"", ""uses_reference_k"": false, ""xi"": 0.05}"
"vehicle","dp-means-batch","846","18","4","71","1","1.0","0.0","0.05963759959706251","0.25313053640247707","0.05963759959706251","0.25313053640247707","0.5630195461694001","0.056216070707523894","0.10222521364906485","0.5561527610105231","0.1984719918437261","0.2925447272426422","1.0","1.0","0.020412799989571795","fixed-point","0","False","{""iterations"": 14, ""maximum_iterations"": 100, ""penalty_calibration"": ""pairwise-squared-euclidean-quantile"", ""penalty_quantile"": 0.1, ""preprocessing"": ""standardize-l2"", ""squared_distance_penalty"": 0.5088243908730989, ""uses_reference_k"": false}"
"vehicle","dp-means-batch","846","18","4","12","12","1.0","0.0","0.12714589169897014","0.22668608347594787","0.12714589169897014","0.22668608347594787","0.42310964319671723","0.1896675490152093","0.2619228326698781","0.31270259809992845","0.18838254067508417","0.2351205627441841","1.0","1.0","0.006362400003126822","fixed-point","0","False","{""iterations"": 28, ""maximum_iterations"": 100, ""penalty_calibration"": ""pairwise-squared-euclidean-quantile"", ""penalty_quantile"": 0.25, ""preprocessing"": ""standardize-l2"", ""squared_distance_penalty"": 1.0568796560588951, ""uses_reference_k"": false}"
"vehicle","dp-means-batch","846","18","4","1","846","1.0","0.0","0.0","0.0","0.0","0.0","0.2494327639990488","1.0","0.3992736082903596","0.0","1.0","0.0","1.0","1.0","0.00023969999165274203","fixed-point","0","False","{""iterations"": 2, ""maximum_iterations"": 100, ""penalty_calibration"": ""pairwise-squared-euclidean-quantile"", ""penalty_quantile"": 0.5, ""preprocessing"": ""standardize-l2"", ""squared_distance_penalty"": 2.045058919233889, ""uses_reference_k"": false}"
"vehicle","birch-adaptive","846","18","4","171","1","1.0","0.0","0.05588428678752534","0.23410406031091338","0.05588428678752534","0.23410406031091338","0.6739166254737189","0.04587464668670645","0.08590181149908112","0.6833898489272214","0.20891470131944306","0.32000326824267133","1.0","1.0","0.010522600001422688","","0","False","{""knn_k"": 10, ""preprocessing"": ""standardize-l2"", ""radius_quantile"": 0.25, ""radius_threshold"": 0.3501012384863489, ""uses_reference_k"": false}"
"vehicle","birch-adaptive","846","18","4","79","1","1.0","0.0","0.0636136473815715","0.22082348590175646","0.0636136473815715","0.22082348590175646","0.511682445930687","0.06607519404190408","0.1170370223206747","0.5021662635668331","0.18286012838342625","0.26809532743469594","1.0","1.0","0.00803190001170151","","0","False","{""knn_k"": 10, ""preprocessing"": ""standardize-l2"", ""radius_quantile"": 0.5, ""radius_threshold"": 0.4450869136430927, ""uses_reference_k"": false}"
"vehicle","birch-adaptive","846","18","4","27","2","1.0","0.0","0.08529655861008525","0.20798722361887875","0.08529655861008525","0.20798722361887875","0.3876748117412018","0.14147112925658398","0.2072955271959307","0.3407057168557522","0.17034254599925572","0.22712797778231072","1.0","1.0","0.0049266999994870275","","0","False","{""knn_k"": 10, ""preprocessing"": ""standardize-l2"", ""radius_quantile"": 0.75, ""radius_threshold"": 0.5722570231989668, ""uses_reference_k"": false}"
"isolet","kmeans-unit-oracle-k","2000","617","26","26","36","1.0","0.0","0.5042012911155506","0.7201637530019437","0.5042012911155506","0.7201637530019437","0.505061908230153","0.544138418079096","0.5238724786583063","0.7308837501051895","0.7394300782350512","0.7351320760290733","1.0","1.0","0.0288280999957351","","0","False","{""preprocessing"": ""standardize-l2"", ""random_seed"": 0, ""reference_k"": 26, ""uses_reference_k"": true}"
"isolet","kmeans-unit-oracle-k","2000","617","26","26","37","1.0","0.0","0.4706378964671362","0.7032926030576004","0.4706378964671362","0.7032926030576004","0.4606162822499772","0.5286147729650554","0.492278462512788","0.711635035042571","0.7271261773389686","0.71929720962448","1.0","1.0","0.03562490000331309","","0","False","{""preprocessing"": ""standardize-l2"", ""random_seed"": 1, ""reference_k"": 26, ""uses_reference_k"": true}"
"isolet","kmeans-unit-oracle-k","2000","617","26","26","36","1.0","0.0","0.4769334556941024","0.7048074260632436","0.4769334556941024","0.7048074260632436","0.4748596722323092","0.523318162795564","0.4979126615276456","0.7149528082455259","0.7264498062858069","0.7206554557587364","1.0","1.0","0.03198810000321828","","0","False","{""preprocessing"": ""standardize-l2"", ""random_seed"": 2, ""reference_k"": 26, ""uses_reference_k"": true}"
"isolet","kmeans-unit-oracle-k","2000","617","26","26","36","1.0","0.0","0.43978564317508617","0.686807158790982","0.43978564317508617","0.686807158790982","0.44408668282623637","0.4815991839296924","0.4620828549379812","0.699053916530098","0.7081699896370243","0.7035824258745197","1.0","1.0","0.03232719999505207","","0","False","{""preprocessing"": ""standardize-l2"", ""random_seed"": 3, ""reference_k"": 26, ""uses_reference_k"": true}"
"isolet","kmeans-unit-oracle-k","2000","617","26","26","35","1.0","0.0","0.45759059287124837","0.6887243300438467","0.45759059287124837","0.6887243300438467","0.45661900478197054","0.5045119271814187","0.47937221959887666","0.6995483998822624","0.7114225413032398","0.7054355066883324","1.0","1.0","0.03649230000155512","","0","False","{""preprocessing"": ""standardize-l2"", ""random_seed"": 4, ""reference_k"": 26, ""uses_reference_k"": true}"
"isolet","kmeans-unit-oracle-k","2000","617","26","26","37","1.0","0.0","0.5196616712439295","0.7220575310789646","0.5196616712439295","0.7220575310789646","0.5156886886049319","0.564213224523959","0.5388607507978243","0.7318780691216665","0.7421066264637538","0.7369568578091257","1.0","1.0","0.031998899998143315","","0","False","{""preprocessing"": ""standardize-l2"", ""random_seed"": 5, ""reference_k"": 26, ""uses_reference_k"": true}"
"isolet","kmeans-unit-oracle-k","2000","617","26","26","30","1.0","0.0","0.46253722315162865","0.6909537321379291","0.46253722315162865","0.6909537321379291","0.4452758360408257","0.5323289391086001","0.4849264640182991","0.6986800520847791","0.7168648921035998","0.7076556660514468","1.0","1.0","0.03344460000516847","","0","False","{""preprocessing"": ""standardize-l2"", ""random_seed"": 6, ""reference_k"": 26, ""uses_reference_k"": true}"
"isolet","kmeans-unit-oracle-k","2000","617","26","26","39","1.0","0.0","0.490991685318285","0.7039187663168497","0.490991685318285","0.7039187663168497","0.48636567357818505","0.539299539652647","0.5114666666666665","0.7144041196649845","0.7252959186530892","0.7198088191583283","1.0","1.0","0.037077000000863336","","0","False","{""preprocessing"": ""standardize-l2"", ""random_seed"": 7, ""reference_k"": 26, ""uses_reference_k"": true}"
"isolet","kmeans-unit-oracle-k","2000","617","26","26","19","1.0","0.0","0.44606102529058467","0.6808343639378336","0.44606102529058467","0.6808343639378336","0.44028512301678546","0.5008369951872776","0.4686131029588116","0.6902813399436089","0.7058762750523904","0.6979917105977518","1.0","1.0","0.035238399999798276","","0","False","{""preprocessing"": ""standardize-l2"", ""random_seed"": 8, ""reference_k"": 26, ""uses_reference_k"": true}"
"isolet","kmeans-unit-oracle-k","2000","617","26","26","36","1.0","0.0","0.47606750773509693","0.6961702940981881","0.47606750773509693","0.6961702940981881","0.4754080743190801","0.52068947478552","0.49701955546123555","0.7074511112145675","0.7175272012924556","0.7124535319951047","1.0","1.0","0.036828099997364916","","0","False","{""preprocessing"": ""standardize-l2"", ""random_seed"": 9, ""reference_k"": 26, ""uses_reference_k"": true}"
"isolet","hdbscan","2000","617","26","4","13","0.6785","0.3215","0.030385164660598755","0.14907724616683737","0.018547633109370243","0.1942917075709526","0.053812386087034446","0.5340160075329566","0.09777232908758517","0.42206125154463225","0.4622138361855418","0.441225932718445","0.6813276136415622","0.02531645569620253","1.8468376000091666","","0","False","{""minimum_cluster_fraction"": 0.005, ""minimum_cluster_size"": 10, ""minimum_samples"": 10, ""minimum_samples_fraction"": 0.005, ""preprocessing"": ""standardize-l2"", ""uses_reference_k"": false}"
"isolet","optics-xi","2000","617","26","1","32","0.016","0.984","0.010088847530369016","0.01776673083430206","0.0","0.0","0.8205645161290323","0.0053227662690939525","0.010576923076923076","0.9981770388185449","0.43053398571214563","0.6015900088823927","0.016013242853434875","0.0","11.616618499989272","","0","False","{""minimum_cluster_fraction"": 0.005, ""minimum_cluster_size"": 10, ""minimum_samples"": 10, ""preprocessing"": ""standardize-l2"", ""uses_reference_k"": false, ""xi"": 0.05}"
"isolet","hdbscan","2000","617","26","3","28","0.672","0.328","0.03019492457977137","0.14229972408405153","0.017517563051807017","0.1825606812267762","0.05371511417180138","0.532995919648462","0.0975946761750933","0.42206125154463225","0.4596352131700068","0.44004761522391517","0.6747486662731412","0.02531645569620253","1.9396096999989823","","0","False","{""minimum_cluster_fraction"": 0.01, ""minimum_cluster_size"": 20, ""minimum_samples"": 10, ""minimum_samples_fraction"": 0.005, ""preprocessing"": ""standardize-l2"", ""uses_reference_k"": false}"
"isolet","optics-xi","2000","617","26","1","32","0.016","0.984","0.010088847530369016","0.01776673083430206","0.0","0.0","0.8205645161290323","0.0053227662690939525","0.010576923076923076","0.9981770388185449","0.43053398571214563","0.6015900088823927","0.016013242853434875","0.0","11.745705599998473","","0","False","{""minimum_cluster_fraction"": 0.01, ""minimum_cluster_size"": 20, ""minimum_samples"": 10, ""preprocessing"": ""standardize-l2"", ""uses_reference_k"": false, ""xi"": 0.05}"
"isolet","hdbscan","2000","617","26","2","87","0.658","0.342","0.029406375412260637","0.12617699335518784","0.013726661837197368","0.14080721851274342","0.05331200624516218","0.5287324754132664","0.09685785165744103","0.42316816644794886","0.4537573630014352","0.4379292536599752","0.6606857941607335","0.0","1.9047522000037134","","0","False","{""minimum_cluster_fraction"": 0.02, ""minimum_cluster_size"": 40, ""minimum_samples"": 10, ""minimum_samples_fraction"": 0.005, ""preprocessing"": ""standardize-l2"", ""uses_reference_k"": false}"
"isolet","optics-xi","2000","617","26","1","2000","1.0","0.0","0.0","0.0","0.0","0.0","0.03825112556278139","1.0","0.07368376420887088","0.0","1.0","0.0","1.0","1.0","11.640812199999345","","0","False","{""minimum_cluster_fraction"": 0.02, ""minimum_cluster_size"": 40, ""minimum_samples"": 10, ""preprocessing"": ""standardize-l2"", ""uses_reference_k"": false, ""xi"": 0.05}"
"isolet","dp-means-batch","2000","617","26","1","2000","1.0","0.0","0.0","0.0","0.0","0.0","0.03825112556278139","1.0","0.07368376420887088","0.0","1.0","0.0","1.0","1.0","0.021359899998060428","fixed-point","0","False","{""iterations"": 2, ""maximum_iterations"": 100, ""penalty_calibration"": ""pairwise-squared-euclidean-quantile"", ""penalty_quantile"": 0.1, ""preprocessing"": ""standardize-l2"", ""squared_distance_penalty"": 1.3529174220108915, ""uses_reference_k"": false}"
"isolet","dp-means-batch","2000","617","26","1","2000","1.0","0.0","0.0","0.0","0.0","0.0","0.03825112556278139","1.0","0.07368376420887088","0.0","1.0","0.0","1.0","1.0","0.02044170000590384","fixed-point","0","False","{""iterations"": 2, ""maximum_iterations"": 100, ""penalty_calibration"": ""pairwise-squared-euclidean-quantile"", ""penalty_quantile"": 0.25, ""preprocessing"": ""standardize-l2"", ""squared_distance_penalty"": 1.6876225857934108, ""uses_reference_k"": false}"
"isolet","dp-means-batch","2000","617","26","1","2000","1.0","0.0","0.0","0.0","0.0","0.0","0.03825112556278139","1.0","0.07368376420887088","0.0","1.0","0.0","1.0","1.0","0.01918180000211578","fixed-point","0","False","{""iterations"": 2, ""maximum_iterations"": 100, ""penalty_calibration"": ""pairwise-squared-euclidean-quantile"", ""penalty_quantile"": 0.5, ""preprocessing"": ""standardize-l2"", ""squared_distance_penalty"": 2.032124877210052, ""uses_reference_k"": false}"
"isolet","birch-adaptive","2000","617","26","49","1","1.0","0.0","0.36252293370339006","0.6657658772163924","0.36252293370339006","0.6657658772163924","0.3011151904227254","0.5717069470600544","0.39446672772636837","0.6539018471609793","0.7257964747535465","0.6879759842654548","1.0","1.0","0.018439799998304807","","0","False","{""knn_k"": 10, ""preprocessing"": ""standardize-l2"", ""radius_quantile"": 0.25, ""radius_threshold"": 0.8373831726417733, ""uses_reference_k"": false}"
"isolet","birch-adaptive","2000","617","26","15","1","1.0","0.0","0.2848707422490616","0.5984869951598635","0.2848707422490616","0.5984869951598635","0.2125681471822024","0.7077709771918812","0.32694375641877604","0.5076061488823804","0.7596857168788901","0.6085751065311205","1.0","1.0","0.018742500004009344","","0","False","{""knn_k"": 10, ""preprocessing"": ""standardize-l2"", ""radius_quantile"": 0.5, ""radius_threshold"": 0.9101760283034154, ""uses_reference_k"": false}"
"isolet","birch-adaptive","2000","617","26","4","200","1.0","0.0","0.103832181555986","0.37858396890158813","0.103832181555986","0.37858396890158813","0.0924285698584194","0.7698524795982423","0.16504216052541199","0.2650579699370795","0.6956809926641816","0.38386242011069704","1.0","1.0","0.017112200002884492","","0","False","{""knn_k"": 10, ""preprocessing"": ""standardize-l2"", ""radius_quantile"": 0.75, ""radius_threshold"": 0.9851701304207005, ""uses_reference_k"": false}"
"mfeat-factors","kmeans-unit-oracle-k","2000","216","10","10","132","1.0","0.0","0.6027017237325724","0.7029510227702799","0.6027017237325724","0.7029510227702799","0.6107144303319071","0.6821005025125628","0.6444365844452726","0.6975418313689745","0.7138967019122721","0.7056245116143925","1.0","1.0","0.009273899995605461","","0","False","{""preprocessing"": ""standardize-l2"", ""random_seed"": 0, ""reference_k"": 10, ""uses_reference_k"": true}"
"mfeat-factors","kmeans-unit-oracle-k","2000","216","10","10","160","1.0","0.0","0.7026341055254473","0.7555281435487667","0.7026341055254473","0.7555281435487667","0.7206649884827339","0.7452110552763819","0.7327325101660664","0.7550325375076563","0.760405101641895","0.7577092961062307","1.0","1.0","0.01243869999598246","","0","False","{""preprocessing"": ""standardize-l2"", ""random_seed"": 1, ""reference_k"": 10, ""uses_reference_k"": true}"
"mfeat-factors","kmeans-unit-oracle-k","2000","216","10","10","133","1.0","0.0","0.5984746085722241","0.7108578692844584","0.5984746085722241","0.7108578692844584","0.5959565909120307","0.6945829145728644","0.6415011150225208","0.7025609629841776","0.7247253497082591","0.7134710605184624","1.0","1.0","0.014109099996858276","","0","False","{""preprocessing"": ""standardize-l2"", ""random_seed"": 2, ""reference_k"": 10, ""uses_reference_k"": true}"
"mfeat-factors","kmeans-unit-oracle-k","2000","216","10","10","136","1.0","0.0","0.5860779208082516","0.6804626362712923","0.5860779208082516","0.6804626362712923","0.6107254952161504","0.6473015075376884","0.6284817939197597","0.6789875057523055","0.6877132575436566","0.6833225267047597","1.0","1.0","0.014247200000681914","","0","False","{""preprocessing"": ""standardize-l2"", ""random_seed"": 3, ""reference_k"": 10, ""uses_reference_k"": true}"
"mfeat-factors","kmeans-unit-oracle-k","2000","216","10","10","86","1.0","0.0","0.6398096710846365","0.7231614870198334","0.6398096710846365","0.7231614870198334","0.6431095884846105","0.7159748743718592","0.6775889496298868","0.7166643023471723","0.7348781563003646","0.7256569562365943","1.0","1.0","0.017721700001857243","","0","False","{""preprocessing"": ""standardize-l2"", ""random_seed"": 4, ""reference_k"": 10, ""uses_reference_k"": true}"
"mfeat-factors","kmeans-unit-oracle-k","2000","216","10","10","98","1.0","0.0","0.6178450250936779","0.7170207180272352","0.6178450250936779","0.7170207180272352","0.6148847709364759","0.7089899497487437","0.658592714304386","0.7090712369481977","0.7303983191086837","0.7195767877355699","1.0","1.0","0.012824799996451475","","0","False","{""preprocessing"": ""standardize-l2"", ""random_seed"": 5, ""reference_k"": 10, ""uses_reference_k"": true}"
"mfeat-factors","kmeans-unit-oracle-k","2000","216","10","10","159","1.0","0.0","0.702783412345951","0.7538886222836075","0.702783412345951","0.7538886222836075","0.7218106313911662","0.7441758793969849","0.7328226520786013","0.7536388065491523","0.7585444773468629","0.7560836847095459","1.0","1.0","0.012609099998371676","","0","False","{""preprocessing"": ""standardize-l2"", ""random_seed"": 6, ""reference_k"": 10, ""uses_reference_k"": true}"
"mfeat-factors","kmeans-unit-oracle-k","2000","216","10","10","132","1.0","0.0","0.6027536439333441","0.6989105986218417","0.6027536439333441","0.6989105986218417","0.6120637819802794","0.6803165829145729","0.64438790930791","0.693865049014626","0.7095489245013851","0.7016193490563273","1.0","1.0","0.013539799998397939","","0","False","{""preprocessing"": ""standardize-l2"", ""random_seed"": 7, ""reference_k"": 10, ""uses_reference_k"": true}"
"mfeat-factors","kmeans-unit-oracle-k","2000","216","10","10","154","1.0","0.0","0.5415272986706667","0.6515663780844408","0.5415272986706667","0.6515663780844408","0.5801129578512558","0.5956331658291457","0.5877706260971327","0.6527856828947497","0.6565710627150398","0.6546729009957671","1.0","1.0","0.013623799997731112","","0","False","{""preprocessing"": ""standardize-l2"", ""random_seed"": 8, ""reference_k"": 10, ""uses_reference_k"": true}"
"mfeat-factors","kmeans-unit-oracle-k","2000","216","10","10","134","1.0","0.0","0.618715786250871","0.713616570979587","0.618715786250871","0.713616570979587","0.6256148059744675","0.6954321608040201","0.6586785591897346","0.7083864890459478","0.7241724186346844","0.7161924781593705","1.0","1.0","0.013038499993854202","","0","False","{""preprocessing"": ""standardize-l2"", ""random_seed"": 9, ""reference_k"": 10, ""uses_reference_k"": true}"
"mfeat-factors","hdbscan","2000","216","10","9","15","0.5495","0.4505","0.4054447484995323","0.41789886218429534","0.7276786501330377","0.8968929624026104","0.6257722939271766","0.348643216080402","0.44779924549247907","0.9108136865316392","0.4379132052166075","0.5914575341598145","0.5495000000000001","0.28","0.666606699989643","","0","False","{""minimum_cluster_fraction"": 0.005, ""minimum_cluster_size"": 10, ""minimum_samples"": 10, ""minimum_samples_fraction"": 0.005, ""preprocessing"": ""standardize-l2"", ""uses_reference_k"": false}"
"mfeat-factors","optics-xi","2000","216","10","2","10","0.012","0.988","0.0006977209233687934","0.005690996881210942","0.5413105413105413","0.5535916822713781","0.6102941176470589","0.00041708542713567837","0.0008336011569982322","0.9968732550340571","0.30318464191018707","0.4649587707866602","0.012","0.0","8.918554100004258","","0","False","{""minimum_cluster_fraction"": 0.005, ""minimum_cluster_size"": 10, ""minimum_samples"": 10, ""preprocessing"": ""standardize-l2"", ""uses_reference_k"": false, ""xi"": 0.05}"
"mfeat-factors","hdbscan","2000","216","10","8","40","0.542","0.458","0.4049060203123718","0.41276386397029147","0.7294668186235126","0.9016664850816138","0.6254175469006735","0.34811557788944725","0.44727310292285144","0.9108136865316392","0.4360638901669951","0.5897684633518798","0.542","0.205","0.6815287000063108","","0","False","{""minimum_cluster_fraction"": 0.01, ""minimum_cluster_size"": 20, ""minimum_samples"": 10, ""minimum_samples_fraction"": 0.005, ""preprocessing"": ""standardize-l2"", ""uses_reference_k"": false}"
"mfeat-factors","optics-xi","2000","216","10","1","2000","1.0","0.0","0.0","0.0","0.0","0.0","0.09954977488744372","1.0","0.181073703366697","0.0","1.0","0.0","1.0","1.0","8.907261200001813","","0","False","{""minimum_cluster_fraction"": 0.01, ""minimum_cluster_size"": 20, ""minimum_samples"": 10, ""preprocessing"": ""standardize-l2"", ""uses_reference_k"": false, ""xi"": 0.05}"
"mfeat-factors","hdbscan","2000","216","10","8","40","0.542","0.458","0.4049060203123718","0.41276386397029147","0.7294668186235126","0.9016664850816138","0.6254175469006735","0.34811557788944725","0.44727310292285144","0.9108136865316392","0.4360638901669951","0.5897684633518798","0.542","0.205","0.6382635000045411","","0","False","{""minimum_cluster_fraction"": 0.02, ""minimum_cluster_size"": 40, ""minimum_samples"": 10, ""minimum_samples_fraction"": 0.005, ""preprocessing"": ""standardize-l2"", ""uses_reference_k"": false}"
"mfeat-factors","optics-xi","2000","216","10","1","2000","1.0","0.0","0.0","0.0","0.0","0.0","0.09954977488744372","1.0","0.181073703366697","0.0","1.0","0.0","1.0","1.0","8.84191770000325","","0","False","{""minimum_cluster_fraction"": 0.02, ""minimum_cluster_size"": 40, ""minimum_samples"": 10, ""preprocessing"": ""standardize-l2"", ""uses_reference_k"": false, ""xi"": 0.05}"
"mfeat-factors","dp-means-batch","2000","216","10","1","2000","1.0","0.0","0.0","0.0","0.0","0.0","0.09954977488744372","1.0","0.181073703366697","0.0","1.0","0.0","1.0","1.0","0.006387900008121505","fixed-point","0","False","{""iterations"": 2, ""maximum_iterations"": 100, ""penalty_calibration"": ""pairwise-squared-euclidean-quantile"", ""penalty_quantile"": 0.1, ""preprocessing"": ""standardize-l2"", ""squared_distance_penalty"": 1.1078199779565518, ""uses_reference_k"": false}"
"mfeat-factors","dp-means-batch","2000","216","10","1","2000","1.0","0.0","0.0","0.0","0.0","0.0","0.09954977488744372","1.0","0.181073703366697","0.0","1.0","0.0","1.0","1.0","0.006380699996952899","fixed-point","0","False","{""iterations"": 2, ""maximum_iterations"": 100, ""penalty_calibration"": ""pairwise-squared-euclidean-quantile"", ""penalty_quantile"": 0.25, ""preprocessing"": ""standardize-l2"", ""squared_distance_penalty"": 1.6084937218384887, ""uses_reference_k"": false}"
"mfeat-factors","dp-means-batch","2000","216","10","1","2000","1.0","0.0","0.0","0.0","0.0","0.0","0.09954977488744372","1.0","0.181073703366697","0.0","1.0","0.0","1.0","1.0","0.007163700007367879","fixed-point","0","False","{""iterations"": 2, ""maximum_iterations"": 100, ""penalty_calibration"": ""pairwise-squared-euclidean-quantile"", ""penalty_quantile"": 0.5, ""preprocessing"": ""standardize-l2"", ""squared_distance_penalty"": 2.074776540762622, ""uses_reference_k"": false}"
"mfeat-factors","birch-adaptive","2000","216","10","253","1","1.0","0.0","0.2449807829242834","0.564414598682077","0.2449807829242834","0.564414598682077","0.9731793452324139","0.15370854271356785","0.2654851126801515","0.9621093534120796","0.462421128960662","0.6246264279966657","1.0","1.0","0.02440809999825433","","0","False","{""knn_k"": 10, ""preprocessing"": ""standardize-l2"", ""radius_quantile"": 0.25, ""radius_threshold"": 0.5069577252258554, ""uses_reference_k"": false}"
"mfeat-factors","birch-adaptive","2000","216","10","93","1","1.0","0.0","0.3978058957224145","0.6604461313746982","0.3978058957224145","0.6604461313746982","0.931220166811055","0.2754773869346734","0.4251771248191911","0.9190691097909625","0.5431870813709737","0.6828166915523568","1.0","1.0","0.020777300000190735","","0","False","{""knn_k"": 10, ""preprocessing"": ""standardize-l2"", ""radius_quantile"": 0.5, ""radius_threshold"": 0.594209142357589, ""uses_reference_k"": false}"
"mfeat-factors","birch-adaptive","2000","216","10","30","1","1.0","0.0","0.5142843418414488","0.6941868178994797","0.5142843418414488","0.6941868178994797","0.7953646885380867","0.41750251256281407","0.5475731482671464","0.8216110180967342","0.6123531857567966","0.7017136453370073","1.0","1.0","0.013526299997465685","","0","False","{""knn_k"": 10, ""preprocessing"": ""standardize-l2"", ""radius_quantile"": 0.75, ""radius_threshold"": 0.6969039061020177, ""uses_reference_k"": false}"
"letter","kmeans-unit-oracle-k","2000","16","26","26","38","1.0","0.0","0.14909872332699436","0.36437895236478757","0.14909872332699436","0.36437895236478757","0.17475050844251053","0.19279638906282615","0.18333043888158385","0.3955641196121457","0.40151387577331976","0.3985167918367298","1.0","1.0","0.009294999996200204","","0","False","{""preprocessing"": ""standardize-l2"", ""random_seed"": 0, ""reference_k"": 26, ""uses_reference_k"": true}"
"letter","kmeans-unit-oracle-k","2000","16","26","26","46","1.0","0.0","0.16066163082697527","0.37502080235106583","0.16066163082697527","0.37502080235106583","0.18835439296534398","0.19951471509079524","0.19377399369037213","0.4066428712325978","0.4101970465380945","0.40841222654891923","1.0","1.0","0.008590000012191013","","0","False","{""preprocessing"": ""standardize-l2"", ""random_seed"": 1, ""reference_k"": 26, ""uses_reference_k"": true}"
"letter","kmeans-unit-oracle-k","2000","16","26","26","34","1.0","0.0","0.1612006939064748","0.36766222592893477","0.1612006939064748","0.36766222592893477","0.18694472458339337","0.20312826132331455","0.19470077775276964","0.39892331615272036","0.4042295256213182","0.4015588925552621","1.0","1.0","0.010139699996216223","","0","False","{""preprocessing"": ""standardize-l2"", ""random_seed"": 2, ""reference_k"": 26, ""uses_reference_k"": true}"
"letter","kmeans-unit-oracle-k","2000","16","26","26","30","1.0","0.0","0.15001428414745943","0.3681266380803387","0.15001428414745943","0.3681266380803387","0.1766337299348069","0.19192235441452724","0.18396093706040126","0.3992991240776221","0.40470369674345136","0.40198324542097214","1.0","1.0","0.00947200000518933","","0","False","{""preprocessing"": ""standardize-l2"", ""random_seed"": 3, ""reference_k"": 26, ""uses_reference_k"": true}"
"letter","kmeans-unit-oracle-k","2000","16","26","26","23","1.0","0.0","0.15061721336793035","0.3642563712719835","0.15061721336793035","0.3642563712719835","0.17671678809486902","0.19333124608641203","0.18465103819485543","0.3954197215567597","0.4012499028871548","0.3983134790285592","1.0","1.0","0.009416799992322922","","0","False","{""preprocessing"": ""standardize-l2"", ""random_seed"": 4, ""reference_k"": 26, ""uses_reference_k"": true}"
"letter","kmeans-unit-oracle-k","2000","16","26","26","37","1.0","0.0","0.17519091062421385","0.3919736268592482","0.17519091062421385","0.3919736268592482","0.1993342798172252","0.21796075975787935","0.20823181180869293","0.4215673454572402","0.42768806059212605","0.4246056465540998","1.0","1.0","0.010438700002850965","","0","False","{""preprocessing"": ""standardize-l2"", ""random_seed"": 5, ""reference_k"": 26, ""uses_reference_k"": true}"
"letter","kmeans-unit-oracle-k","2000","16","26","26","42","1.0","0.0","0.16619931567387636","0.3807335063897588","0.16619931567387636","0.3807335063897588","0.19147915367269586","0.20825506157378418","0.19951508486014946","0.41126708158577674","0.41665887432663873","0.4139454211754638","1.0","1.0","0.009562599996570498","","0","False","{""preprocessing"": ""standardize-l2"", ""random_seed"": 6, ""reference_k"": 26, ""uses_reference_k"": true}"
"letter","kmeans-unit-oracle-k","2000","16","26","26","19","1.0","0.0","0.14245733209644254","0.3645946481031196","0.14245733209644254","0.3645946481031196","0.16552321396436925","0.1919875808808182","0.17777589872439117","0.39430405438292143","0.40343371468184636","0.3988166426175555","1.0","1.0","0.008019800006877631","","0","False","{""preprocessing"": ""standardize-l2"", ""random_seed"": 7, ""reference_k"": 26, ""uses_reference_k"": true}"
"letter","kmeans-unit-oracle-k","2000","16","26","26","29","1.0","0.0","0.15114989973936074","0.3646505921106072","0.15114989973936074","0.3646505921106072","0.17781359765192706","0.1928355249426007","0.18502015170100383","0.39604778509518257","0.4013532398023622","0.3986828627036811","1.0","1.0","0.008360899999388494","","0","False","{""preprocessing"": ""standardize-l2"", ""random_seed"": 8, ""reference_k"": 26, ""uses_reference_k"": true}"
"letter","kmeans-unit-oracle-k","2000","16","26","26","44","1.0","0.0","0.15314096763958798","0.3669916090671895","0.15314096763958798","0.3669916090671895","0.1799929893268545","0.19425746190774368","0.1868533820198636","0.3986108300923384","0.40322934489980783","0.40090678641707256","1.0","1.0","0.010939700005110353","","0","False","{""preprocessing"": ""standardize-l2"", ""random_seed"": 9, ""reference_k"": 26, ""uses_reference_k"": true}"
"letter","hdbscan","2000","16","26","2","11","0.635","0.365","0.0033924289979342546","0.011876680103602145","0.0004650443623551056","0.009968801366841156","0.04007747807355366","0.41405760801502817","0.07308127125493022","0.3748020200643322","0.39406851287454664","0.3841938748896456","0.6337557397726769","0.3116883116883117","0.07829429999401327","","0","False","{""minimum_cluster_fraction"": 0.005, ""minimum_cluster_size"": 10, ""minimum_samples"": 10, ""minimum_samples_fraction"": 0.005, ""preprocessing"": ""standardize-l2"", ""uses_reference_k"": false}"
"letter","optics-xi","2000","16","26","16","11","0.118","0.882","0.03415617451358749","0.10859184390097308","0.6326573980320901","0.8237078928304613","0.817016317016317","0.018289501147985807","0.035778084009595264","0.9905638902956869","0.4426558238014857","0.6118794914331088","0.11546778339444162","0.0","7.602937999996357","","0","False","{""minimum_cluster_fraction"": 0.005, ""minimum_cluster_size"": 10, ""minimum_samples"": 10, ""preprocessing"": ""standardize-l2"", ""uses_reference_k"": false, ""xi"": 0.05}"
"letter","hdbscan","2000","16","26","4","43","0.3785","0.6215","0.03503366063742105","0.08952464321243028","0.03169301894204437","0.23261888870349204","0.06144844985837448","0.155369442705072","0.08806663782872481","0.6913756468410701","0.4205589358459403","0.5229879721928281","0.3778564700280781","0.05555555555555555","0.07876290001149755","","0","False","{""minimum_cluster_fraction"": 0.01, ""minimum_cluster_size"": 20, ""minimum_samples"": 10, ""minimum_samples_fraction"": 0.005, ""preprocessing"": ""standardize-l2"", ""uses_reference_k"": false}"
"letter","optics-xi","2000","16","26","4","21","0.058","0.942","0.029314665825060846","0.06047487702239484","0.6949762949180269","0.7874927447636714","0.6965002868617326","0.015836986015445628","0.03096978277784156","0.992312578219294","0.43605426476688286","0.6058697509523913","0.055908066186990096","0.0","7.7069202000129735","","0","False","{""minimum_cluster_fraction"": 0.01, ""minimum_cluster_size"": 20, ""minimum_samples"": 10, ""preprocessing"": ""standardize-l2"", ""uses_reference_k"": false, ""xi"": 0.05}"
"letter","hdbscan","2000","16","26","4","43","0.3785","0.6215","0.03503366063742105","0.08952464321243028","0.03169301894204437","0.23261888870349204","0.06144844985837448","0.155369442705072","0.08806663782872481","0.6913756468410701","0.4205589358459403","0.5229879721928281","0.3778564700280781","0.05555555555555555","0.07562449999386445","","0","False","{""minimum_cluster_fraction"": 0.02, ""minimum_cluster_size"": 40, ""minimum_samples"": 10, ""minimum_samples_fraction"": 0.005, ""preprocessing"": ""standardize-l2"", ""uses_reference_k"": false}"
"letter","optics-xi","2000","16","26","1","2000","1.0","0.0","0.0","0.0","0.0","0.0","0.0383471735867934","1.0","0.0738619501497358","0.0","1.0","0.0","1.0","1.0","7.586417900005472","","0","False","{""minimum_cluster_fraction"": 0.02, ""minimum_cluster_size"": 40, ""minimum_samples"": 10, ""preprocessing"": ""standardize-l2"", ""uses_reference_k"": false, ""xi"": 0.05}"
"letter","dp-means-batch","2000","16","26","26","8","1.0","0.0","0.15691675392699783","0.3644665911278925","0.15691675392699783","0.3644665911278925","0.17680115906396804","0.2101335838029639","0.192031663527336","0.3920821625465119","0.4049837843481451","0.39842855809389327","1.0","1.0","0.023220900009619072","fixed-point","0","False","{""iterations"": 21, ""maximum_iterations"": 100, ""penalty_calibration"": ""pairwise-squared-euclidean-quantile"", ""penalty_quantile"": 0.1, ""preprocessing"": ""standardize-l2"", ""squared_distance_penalty"": 1.02420002668054, ""uses_reference_k"": false}"
"letter","dp-means-batch","2000","16","26","1","2000","1.0","0.0","0.0","0.0","0.0","0.0","0.0383471735867934","1.0","0.0738619501497358","0.0","1.0","0.0","1.0","1.0","0.0004926999972667545","fixed-point","0","False","{""iterations"": 2, ""maximum_iterations"": 100, ""penalty_calibration"": ""pairwise-squared-euclidean-quantile"", ""penalty_quantile"": 0.25, ""preprocessing"": ""standardize-l2"", ""squared_distance_penalty"": 1.4936940630593556, ""uses_reference_k"": false}"
"letter","dp-means-batch","2000","16","26","1","2000","1.0","0.0","0.0","0.0","0.0","0.0","0.0383471735867934","1.0","0.0738619501497358","0.0","1.0","0.0","1.0","1.0","0.0004459999909158796","fixed-point","0","False","{""iterations"": 2, ""maximum_iterations"": 100, ""penalty_calibration"": ""pairwise-squared-euclidean-quantile"", ""penalty_quantile"": 0.5, ""preprocessing"": ""standardize-l2"", ""squared_distance_penalty"": 2.036018875577298, ""uses_reference_k"": false}"
"letter","birch-adaptive","2000","16","26","300","1","1.0","0.0","0.11494695201643397","0.41532131481186707","0.11494695201643397","0.41532131481186707","0.4480330257406508","0.07220569818409518","0.1243680485338726","0.7731526972101805","0.47276605635057234","0.5867482940957944","1.0","1.0","0.02470549999270588","","0","False","{""knn_k"": 10, ""preprocessing"": ""standardize-l2"", ""radius_quantile"": 0.25, ""radius_threshold"": 0.4771509871260816, ""uses_reference_k"": false}"
"letter","birch-adaptive","2000","16","26","172","1","1.0","0.0","0.13219154161282357","0.41451574098031013","0.13219154161282357","0.41451574098031013","0.3117846811721796","0.09701784596117721","0.14798674745545176","0.6642192647902407","0.4572125568799574","0.5416100783217893","1.0","1.0","0.02396000000589993","","0","False","{""knn_k"": 10, ""preprocessing"": ""standardize-l2"", ""radius_quantile"": 0.5, ""radius_threshold"": 0.5684056643264908, ""uses_reference_k"": false}"
"letter","birch-adaptive","2000","16","26","56","2","1.0","0.0","0.13640781447762013","0.37963238898970353","0.13640781447762013","0.37963238898970353","0.17745482081227884","0.15896994364433312","0.1677045559324833","0.4710638491048939","0.4190436455689541","0.44353364915096716","1.0","1.0","0.017175200002384372","","0","False","{""knn_k"": 10, ""preprocessing"": ""standardize-l2"", ""radius_quantile"": 0.75, ""radius_threshold"": 0.6606668029664211, ""uses_reference_k"": false}"
"mnist-test","kmeans-unit-oracle-k","2000","784","10","10","88","1.0","0.0","0.38558236985435407","0.5331530442530233","0.38558236985435407","0.5331530442530233","0.41571319284487046","0.4966364521687018","0.45258597149150753","0.5258063228855432","0.5495451068753218","0.5374136936240703","1.0","1.0","0.023984899991774","","0","False","{""preprocessing"": ""maxabs-l2"", ""random_seed"": 0, ""reference_k"": 10, ""uses_reference_k"": true}"
"mnist-test","kmeans-unit-oracle-k","2000","784","10","10","98","1.0","0.0","0.4329865136475889","0.556542833683326","0.4329865136475889","0.556542833683326","0.4765613643503908","0.5075586186231178","0.49157182450047643","0.5563103741233181","0.564802065381475","0.5605240602571118","1.0","1.0","0.024212200005422346","","0","False","{""preprocessing"": ""maxabs-l2"", ""random_seed"": 1, ""reference_k"": 10, ""uses_reference_k"": true}"
"mnist-test","kmeans-unit-oracle-k","2000","784","10","10","149","1.0","0.0","0.4339688517221437","0.5466255342001491","0.4339688517221437","0.5466255342001491","0.48576602786265877","0.4969910355332484","0.4913144259276173","0.5492991283317286","0.5520517020360719","0.5506719754706912","1.0","1.0","0.0262224000034621","","0","False","{""preprocessing"": ""maxabs-l2"", ""random_seed"": 2, ""reference_k"": 10, ""uses_reference_k"": true}"
"mnist-test","kmeans-unit-oracle-k","2000","784","10","10","113","1.0","0.0","0.4092385390175239","0.5360731075521453","0.4092385390175239","0.5360731075521453","0.45407217859348803","0.48829625190401277","0.47056275597865055","0.53570619713794","0.5448547894702787","0.5402417649293574","1.0","1.0","0.03152629999385681","","0","False","{""preprocessing"": ""maxabs-l2"", ""random_seed"": 3, ""reference_k"": 10, ""uses_reference_k"": true}"
"mnist-test","kmeans-unit-oracle-k","2000","784","10","10","118","1.0","0.0","0.38415172368810624","0.5134456807582046","0.38415172368810624","0.5134456807582046","0.427715311762205","0.4722800709166729","0.44889434247970134","0.5118820142900665","0.5239235655107246","0.517832796574125","1.0","1.0","0.034200399997644126","","0","False","{""preprocessing"": ""maxabs-l2"", ""random_seed"": 4, ""reference_k"": 10, ""uses_reference_k"": true}"
"mnist-test","kmeans-unit-oracle-k","2000","784","10","10","82","1.0","0.0","0.39140148738758335","0.5367525526262577","0.39140148738758335","0.5367525526262577","0.4206467109971","0.5020051439558518","0.4577388785923433","0.5289989808445382","0.5535251102311537","0.5409842082926298","1.0","1.0","0.0295996000058949","","0","False","{""preprocessing"": ""maxabs-l2"", ""random_seed"": 5, ""reference_k"": 10, ""uses_reference_k"": true}"
"mnist-test","kmeans-unit-oracle-k","2000","784","10","10","60","1.0","0.0","0.38035144579231545","0.5222407668775372","0.38035144579231545","0.5222407668775372","0.40353679225417866","0.5072489824456264","0.4494879760671959","0.5117840035716794","0.5423812125156423","0.5266385651266335","1.0","1.0","0.032296899997163564","","0","False","{""preprocessing"": ""maxabs-l2"", ""random_seed"": 6, ""reference_k"": 10, ""uses_reference_k"": true}"
"mnist-test","kmeans-unit-oracle-k","2000","784","10","10","67","1.0","0.0","0.39728077395860717","0.5423743005177218","0.39728077395860717","0.5423743005177218","0.4270882192614378","0.5047569106300097","0.46268574724640865","0.5344891755645408","0.5591821896537279","0.5465569220215392","1.0","1.0","0.02659249999851454","","0","False","{""preprocessing"": ""maxabs-l2"", ""random_seed"": 7, ""reference_k"": 10, ""uses_reference_k"": true}"
"mnist-test","kmeans-unit-oracle-k","2000","784","10","10","113","1.0","0.0","0.38908218877057466","0.5296796190462962","0.38908218877057466","0.5296796190462962","0.4264323744002103","0.485998951232302","0.4542713098683596","0.5264792365294207","0.5415971142851831","0.533931183885739","1.0","1.0","0.03392359999998007","","0","False","{""preprocessing"": ""maxabs-l2"", ""random_seed"": 8, ""reference_k"": 10, ""uses_reference_k"": true}"
"mnist-test","kmeans-unit-oracle-k","2000","784","10","10","112","1.0","0.0","0.39373282810433946","0.526093994058976","0.39373282810433946","0.526093994058976","0.43649475365791673","0.48033061153145057","0.45736472814857615","0.5244631296077873","0.5364020702739373","0.5303654197259557","1.0","1.0","0.031587100005708635","","0","False","{""preprocessing"": ""maxabs-l2"", ""random_seed"": 9, ""reference_k"": 10, ""uses_reference_k"": true}"
"mnist-test","hdbscan","2000","784","10","6","12","0.226","0.774","0.20513144872500982","0.17391030300920793","0.9108815463278737","0.9134870517721161","0.8903179091097165","0.12895347966139786","0.22527776929553256","0.9788262996218793","0.3440315525792234","0.5091206602492896","0.21994033247034742","0.0","2.543676700006472","","0","False","{""minimum_cluster_fraction"": 0.005, ""minimum_cluster_size"": 10, ""minimum_samples"": 10, ""minimum_samples_fraction"": 0.005, ""preprocessing"": ""maxabs-l2"", ""uses_reference_k"": false}"
"mnist-test","optics-xi","2000","784","10","1","2000","1.0","0.0","0.0","0.0","0.0","0.0","0.10016758379189594","1.0","0.18209513762740223","0.0","1.0","0.0","1.0","1.0","12.484059700000216","","0","False","{""minimum_cluster_fraction"": 0.005, ""minimum_cluster_size"": 10, ""minimum_samples"": 10, ""preprocessing"": ""maxabs-l2"", ""uses_reference_k"": false, ""xi"": 0.05}"
"mnist-test","hdbscan","2000","784","10","4","38","0.239","0.761","0.19953024203525052","0.16132469881968522","0.7290516093076588","0.8093517884200876","0.6796577946768061","0.13569056358778436","0.22621778353197816","0.946976993717667","0.33964983281546846","0.4999749281817374","0.23229053055501298","0.0","2.568270300005679","","0","False","{""minimum_cluster_fraction"": 0.01, ""minimum_cluster_size"": 20, ""minimum_samples"": 10, ""minimum_samples_fraction"": 0.005, ""preprocessing"": ""maxabs-l2"", ""uses_reference_k"": false}"
"mnist-test","optics-xi","2000","784","10","1","2000","1.0","0.0","0.0","0.0","0.0","0.0","0.10016758379189594","1.0","0.18209513762740223","0.0","1.0","0.0","1.0","1.0","12.701386599990656","","0","False","{""minimum_cluster_fraction"": 0.01, ""minimum_cluster_size"": 20, ""minimum_samples"": 10, ""preprocessing"": ""maxabs-l2"", ""uses_reference_k"": false, ""xi"": 0.05}"
"mnist-test","hdbscan","2000","784","10","3","109","0.26","0.74","0.2112136326303962","0.16206274502824933","0.6634887509010318","0.7417753752641323","0.6127386471767254","0.1511474018028816","0.24248081144743375","0.9235277496421181","0.3399334251473321","0.49694910681647075","0.25325746692500595","0.0","2.582298199995421","","0","False","{""minimum_cluster_fraction"": 0.02, ""minimum_cluster_size"": 40, ""minimum_samples"": 10, ""minimum_samples_fraction"": 0.005, ""preprocessing"": ""maxabs-l2"", ""uses_reference_k"": false}"
"mnist-test","optics-xi","2000","784","10","1","2000","1.0","0.0","0.0","0.0","0.0","0.0","0.10016758379189594","1.0","0.18209513762740223","0.0","1.0","0.0","1.0","1.0","12.705652799995732","","0","False","{""minimum_cluster_fraction"": 0.02, ""minimum_cluster_size"": 40, ""minimum_samples"": 10, ""preprocessing"": ""maxabs-l2"", ""uses_reference_k"": false, ""xi"": 0.05}"
"mnist-test","dp-means-batch","2000","784","10","25","1","1.0","0.0","0.41854907346027004","0.572846507700619","0.41854907346027004","0.572846507700619","0.5651905208422129","0.3973481159637426","0.46663558226077473","0.6304769560872139","0.5375217444013146","0.5803004285862366","1.0","1.0","0.6072937999997521","fixed-point","0","False","{""iterations"": 37, ""maximum_iterations"": 100, ""penalty_calibration"": ""pairwise-squared-euclidean-quantile"", ""penalty_quantile"": 0.1, ""preprocessing"": ""maxabs-l2"", ""squared_distance_penalty"": 0.8478097581442674, ""uses_reference_k"": false}"
"mnist-test","dp-means-batch","2000","784","10","1","2000","1.0","0.0","0.0","0.0","0.0","0.0","0.10016758379189594","1.0","0.18209513762740223","0.0","1.0","0.0","1.0","1.0","0.02318629999354016","fixed-point","0","False","{""iterations"": 2, ""maximum_iterations"": 100, ""penalty_calibration"": ""pairwise-squared-euclidean-quantile"", ""penalty_quantile"": 0.25, ""preprocessing"": ""maxabs-l2"", ""squared_distance_penalty"": 1.0214231899120847, ""uses_reference_k"": false}"
"mnist-test","dp-means-batch","2000","784","10","1","2000","1.0","0.0","0.0","0.0","0.0","0.0","0.10016758379189594","1.0","0.18209513762740223","0.0","1.0","0.0","1.0","1.0","0.023145400002249517","fixed-point","0","False","{""iterations"": 2, ""maximum_iterations"": 100, ""penalty_calibration"": ""pairwise-squared-euclidean-quantile"", ""penalty_quantile"": 0.5, ""preprocessing"": ""maxabs-l2"", ""squared_distance_penalty"": 1.2009188419797052, ""uses_reference_k"": false}"
"mnist-test","birch-adaptive","2000","784","10","237","1","1.0","0.0","0.20723569296105382","0.511269509816943","0.20723569296105382","0.511269509816943","0.7451033511229106","0.13735860364072214","0.23195641540303943","0.8330540026972727","0.4323977617698181","0.5692997494082775","1.0","1.0","0.03339620000042487","","0","False","{""knn_k"": 10, ""preprocessing"": ""maxabs-l2"", ""radius_quantile"": 0.25, ""radius_threshold"": 0.6243479398333763, ""uses_reference_k"": false}"
"mnist-test","birch-adaptive","2000","784","10","38","1","1.0","0.0","0.35882272148531547","0.5476189859104112","0.35882272148531547","0.5476189859104112","0.548468392023759","0.3228057032986241","0.40641338007136457","0.6438297909489472","0.4955126690215524","0.5600174299077054","1.0","1.0","0.027998800011118874","","0","False","{""knn_k"": 10, ""preprocessing"": ""maxabs-l2"", ""radius_quantile"": 0.5, ""radius_threshold"": 0.6975291848814542, ""uses_reference_k"": false}"
"mnist-test","birch-adaptive","2000","784","10","24","1","1.0","0.0","0.3149543718104081","0.5027696500480726","0.3149543718104081","0.5027696500480726","0.4273233738138238","0.3344170599545534","0.3752045184570903","0.5559892672412722","0.4745661091175885","0.5120611066977742","1.0","1.0","0.0198614999972051","","0","False","{""knn_k"": 10, ""preprocessing"": ""maxabs-l2"", ""radius_quantile"": 0.75, ""radius_threshold"": 0.7604730527711764, ""uses_reference_k"": false}"
